DraftAccountId1,AccountId1,BusinessUnitId1,forename1,surname1,DraftAccountId2,AccountId2,BusinessUnitId2,forename2,surname2,DraftAccountId3,AccountId3,BusinessUnitId3,forename3,surname3,DraftAccountId4,AccountId4,BusinessUnitId4,forename4,surname4,DraftAccountId5,AccountId5,BusinessUnitId5,forename5,surname5
18171,60000000001188,22,Jane,Jones,18242,60000000001183,113,Sarah,Davis,18249,60000000001186,106,Emma,Davis,18289,60000000001199,113,Mary,Brown,18296,60000000001195,107,Sarah,Rodriguez
18317,60000000001178,113,Emma,Smith,18329,60000000001218,113,Mary,Johnson,18388,60000000001208,113,David,Garcia,18394,60000000001182,103,Robert,Martinez,18422,60000000001192,124,Sarah,Johnson
18459,60000000001211,124,David,Brown,18464,60000000001184,82,Mary,Miller,18478,60000000001435,130,Lisa,Jones,18487,60000000001394,107,David,Garcia,18488,60000000001213,103,David,Rodriguez
18511,60000000001204,103,Sarah,Davis,18523,60000000001197,82,Sarah,Johnson,18558,60000000001384,22,James,Smith,18560,60000000001220,82,David,Garcia,18567,60000000001325,113,Sarah,Martinez
18585,60000000001332,130,Mary,Johnson,18588,60000000001426,130,Emma,Garcia,18594,60000000001179,22,David,Rodriguez,18598,60000000001390,103,Jane,Williams,18621,60000000001202,124,Robert,Rodriguez
18632,60000000001399,124,Emma,Smith,18642,60000000001200,82,Emma,Martinez,18654,60000000001330,103,Robert,Martinez,18662,60000000001711,106,Robert,Johnson,18669,60000000001376,113,David,Williams
18677,60000000001416,130,David,Davis,18703,60000000001393,124,Emma,Martinez,18706,60000000001189,103,Lisa,Davis,18730,60000000001562,106,John,Davis,18734,60000000001323,107,Emma,Davis
18742,60000000001203,113,James,Jones,18754,60000000001343,113,Mary,Johnson,18759,60000000001359,130,James,Miller,18769,60000000001187,130,John,Rodriguez,18778,60000000001210,22,Mary,Jones
18784,60000000001334,107,Lisa,Rodriguez,18792,60000000001212,106,Michael,Brown,18805,60000000001367,124,Emma,Brown,18810,60000000001302,82,Robert,Brown,18811,60000000001716,106,John,Rodriguez
18817,60000000001333,124,Lisa,Martinez,18826,60000000001191,61,Jane,Smith,18837,60000000001201,106,Emma,Johnson,18850,60000000001662,103,Sarah,Jones,18865,60000000001326,82,James,Jones
18868,60000000001712,107,Lisa,Davis,18870,60000000001433,103,Lisa,Davis,18876,60000000001180,61,James,Johnson,18884,60000000001581,107,Michael,Brown,18885,60000000001613,103,Mary,Johnson
18894,60000000001328,124,Robert,Davis,18913,60000000001831,107,Robert,Miller,18915,60000000001185,107,Jane,Miller,18943,60000000001181,124,James,Miller,18965,60000000001582,106,John,Garcia
18997,60000000001336,106,Jane,Smith,19006,60000000001391,106,Mary,Rodriguez,19017,60000000001383,61,John,Garcia,19028,60000000001198,22,Mary,Davis,19057,60000000001429,61,Emma,Smith
19076,60000000001569,22,James,Martinez,19633,60000000001217,61,John,Garcia,19687,60000000001585,61,Jane,Williams,19702,60000000001657,61,John,Brown,19797,60000000001409,61,Lisa,Davis
37608,60000000001369,82,Michael,Martinez,37609,60000000001709,107,Mary,Johnson,37615,60000000001190,113,Michael,Johnson,37638,60000000001329,106,Jane,Smith,37649,60000000001379,106,Sarah,Rodriguez
37655,60000000001339,82,Mary,Rodriguez,37657,60000000001395,113,Mary,Garcia,37673,60000000001592,107,Jane,Jones,37675,60000000001335,22,Lisa,Smith,37677,60000000001355,103,Mary,Garcia
37736,60000000001193,106,Lisa,Brown,37749,60000000001420,113,Jane,Johnson,37767,60000000001403,106,Mary,Rodriguez,37770,60000000001209,82,John,Rodriguez,37771,60000000001419,82,Emma,Davis
37774,60000000001194,82,David,Williams,37793,60000000001205,61,James,Miller,37815,60000000001593,103,Emma,Miller,37817,60000000001406,130,Lisa,Williams,37831,60000000001196,130,John,Miller
37839,60000000001254,82,Michael,Jones,37866,60000000001469,124,Emma,Smith,37875,60000000001388,22,James,Miller,37876,60000000001206,130,Robert,Brown,37986,60000000001560,22,David,Martinez
38012,60000000001338,61,Lisa,Jones,38017,60000000001726,61,Sarah,Williams,38035,60000000001346,22,David,Garcia,38068,60000000001348,61,Mary,Johnson,38095,60000000001710,61,Mary,Jones
38100,60000000001642,22,James,Rodriguez,38251,60000000001219,22,Mary,Johnson,38257,60000000001615,22,David,Williams,38371,60000000001327,22,Sarah,Brown,54933,60000000001828,22,Robert,Rodriguez
54934,60000000001903,8,Robert,Garcia,54936,60000000001941,106,Robert,Williams,54937,60000000001754,38,David,Brown,54938,60000000001736,126,Lisa,Davis,54939,60000000001905,99,David,Jones
54940,60000000001964,8,Sarah,Davis,54941,60000000001758,28,Robert,Smith,54942,60000000001751,5,Lisa,Williams,54944,60000000001753,31,Michael,Rodriguez,54945,60000000001750,105,Emma,Jones
54946,60000000001784,124,Lisa,Davis,54947,60000000001780,10,Sarah,Rodriguez,54948,60000000001841,21,John,Martinez,54949,60000000001998,124,John,Rodriguez,54950,60000000001845,124,James,Garcia
54951,60000000002050,28,Emma,Davis,54953,60000000001893,105,David,Johnson,54954,60000000001962,130,Jane,Williams,54955,60000000001783,26,Robert,Garcia,54956,60000000002000,8,Jane,Miller
54957,60000000001777,28,David,Rodriguez,54958,60000000001739,124,David,Rodriguez,54959,60000000001874,38,Michael,Miller,54960,60000000001738,99,Lisa,Davis,54961,60000000002032,119,Jane,Williams
54964,60000000001987,10,James,Williams,54965,60000000001768,38,John,Rodriguez,54966,60000000001835,11,Michael,Martinez,54967,60000000001737,92,Emma,Davis,54968,60000000001938,57,Mary,Smith
54969,60000000001939,80,Lisa,Garcia,54971,60000000001969,60,Sarah,Williams,54972,60000000001856,31,Sarah,Miller,54973,60000000001883,65,Sarah,Williams,54974,60000000001884,8,David,Garcia
54975,60000000002021,11,Sarah,Miller,54976,60000000001854,38,Mary,Johnson,54977,60000000001772,124,Lisa,Martinez,54978,60000000001948,10,James,Jones,54979,60000000001762,77,Emma,Davis
54980,60000000001747,52,Emma,Rodriguez,54981,60000000002047,103,Emma,Jones,54983,60000000001774,92,Emma,Brown,54984,60000000001759,29,David,Martinez,54985,60000000001763,139,David,Martinez
54986,60000000001830,119,Jane,Davis,54987,60000000001838,107,Michael,Davis,54989,60000000001833,82,Emma,Martinez,54991,60000000001734,65,Sarah,Davis,54992,60000000001729,28,Robert,Martinez
54993,60000000001782,11,Emma,Rodriguez,54995,60000000002042,10,Lisa,Martinez,54996,60000000001749,38,Emma,Davis,54997,60000000001765,126,Michael,Garcia,54998,60000000001757,21,Michael,Jones
54999,60000000002030,125,David,Williams,55000,60000000001742,22,Robert,Johnson,55001,60000000001735,65,Sarah,Brown,55002,60000000001837,124,Lisa,Rodriguez,55003,60000000002044,31,David,Johnson
55004,60000000001995,92,John,Miller,55005,60000000001740,138,Robert,Martinez,55006,60000000001940,31,John,Williams,55007,60000000001891,105,James,Johnson,55008,60000000002002,60,Emma,Davis
55010,60000000001764,52,Robert,Williams,55011,60000000001920,99,Jane,Davis,55013,60000000001949,52,Mary,Brown,55015,60000000001928,103,Jane,Brown,55016,60000000001873,124,Robert,Miller
55017,60000000001744,52,Mary,Brown,55018,60000000001752,78,Michael,Davis,55019,60000000002034,73,John,Davis,55020,60000000001746,126,Sarah,Garcia,55021,60000000001842,24,Jane,Jones
55022,60000000001844,65,Jane,Miller,55023,60000000001779,125,John,Garcia,55024,60000000002702,12,David,Williams,55025,60000000001973,38,Michael,Brown,55026,60000000001877,65,Emma,Davis
55028,60000000001935,52,Sarah,Williams,55029,60000000001965,22,Jane,Rodriguez,55030,60000000001826,38,Sarah,Martinez,55031,60000000001921,60,Lisa,Davis,55032,60000000002049,124,Robert,Martinez
55033,60000000002004,21,Emma,Miller,55034,60000000001847,52,Michael,Jones,55035,60000000001755,65,Jane,Garcia,55036,60000000001767,30,Mary,Williams,55037,60000000001776,80,James,Smith
55039,60000000001858,78,Sarah,Rodriguez,55041,60000000001778,10,Sarah,Martinez,55042,60000000001756,96,Emma,Garcia,55043,60000000001732,119,James,Garcia,55044,60000000001897,125,Robert,Smith
55045,60000000001743,8,Robert,Davis,55046,60000000001824,119,David,Rodriguez,55047,60000000001886,89,Mary,Davis,55048,60000000001745,82,Sarah,Jones,55050,60000000001733,52,Jane,Miller
55051,60000000001769,36,Emma,Miller,55052,60000000001741,77,Sarah,Johnson,55053,60000000002009,38,James,Jones,55054,60000000001839,80,Mary,Miller,55055,60000000001730,52,Emma,Garcia
55056,60000000001761,9,Sarah,Johnson,55057,60000000002237,124,Emma,Smith,55058,60000000002059,107,Jane,Martinez,55059,60000000002017,60,Robert,Williams,55060,60000000001834,11,David,Rodriguez
55061,60000000001974,126,John,Smith,55062,60000000001900,10,John,Rodriguez,55063,60000000001825,30,Sarah,Brown,55064,60000000001775,128,Mary,Rodriguez,55065,60000000001781,8,Mary,Garcia
55066,60000000001770,65,Emma,Smith,55068,60000000001943,96,Mary,Davis,55069,60000000001773,36,Robert,Garcia,55070,60000000001771,80,Mary,Johnson,55072,60000000002039,57,John,Williams
55073,60000000001869,128,Robert,Johnson,55074,60000000002561,9,Lisa,Williams,55075,60000000001827,119,James,Brown,55076,60000000001748,11,Mary,Rodriguez,55077,60000000001983,30,John,Davis
55078,60000000001766,5,Robert,Rodriguez,55079,60000000001760,65,David,Miller,55081,60000000002033,106,Emma,Johnson,55082,60000000001840,92,Emma,Jones,55083,60000000001731,14,Robert,Smith
55084,60000000001963,9,Robert,Davis,55085,60000000002019,73,Robert,Garcia,55087,60000000002045,89,David,Brown,55088,60000000001879,52,John,Jones,55089,60000000001843,82,test,TEST
55091,60000000001981,124,Emma,Jones,55099,60000000001790,119,Robert,Miller,55100,60000000001791,65,Sarah,Davis,55101,60000000001902,130,James,Martinez,55102,60000000001970,107,Michael,Miller
55103,60000000001846,130,Lisa,Jones,55104,60000000002041,105,test,TEST,55159,60000000001910,65,Lisa,Davis,55163,60000000001922,65,David,Rodriguez,55170,60000000001954,38,test,TEST
55178,60000000001978,107,Jane,Rodriguez,55179,60000000001992,130,Michael,Smith,55180,60000000001991,126,Mary,Miller,55182,60000000001937,65,Sarah,Smith,55184,60000000002376,8,Jane,Martinez
55185,60000000002022,65,John,Williams,55186,60000000001860,10,Emma,Brown,55189,60000000001918,106,Lisa,Rodriguez,55190,60000000002038,65,Mary,Davis,55193,60000000001917,5,Lisa,Davis
55194,60000000001915,31,Sarah,Davis,55195,60000000002023,99,Emma,Williams,55199,60000000001982,22,Michael,Jones,55200,60000000001930,124,John,Jones,55201,60000000002011,103,Michael,Rodriguez
55203,60000000001980,125,Jane,Davis,55208,60000000001967,38,David,Miller,55210,60000000001911,126,Robert,Martinez,55211,60000000002018,52,Jane,Garcia,55212,60000000002008,130,Emma,Garcia
55214,60000000001888,113,Sarah,Johnson,55216,60000000001997,89,Jane,Garcia,55217,60000000001927,82,James,Jones,55218,60000000002029,29,David,Martinez,55219,60000000002005,106,Sarah,Rodriguez
55220,60000000001908,96,Lisa,Brown,55223,60000000001861,106,Sarah,Martinez,55227,60000000001892,107,Lisa,Johnson,55233,60000000001985,26,Emma,Smith,55235,60000000001979,8,Mary,Smith
55237,60000000001849,65,Jane,Smith,55239,60000000002040,119,Emma,Garcia,55241,60000000001857,65,David,Smith,55243,60000000001996,65,Robert,Brown,55245,60000000002026,38,Emma,Williams
55246,60000000002046,9,James,Brown,55247,60000000001865,77,John,Miller,55248,60000000001984,29,Emma,Miller,55249,60000000001959,106,Lisa,Jones,55250,60000000001904,5,Lisa,Martinez
55253,60000000002051,57,Michael,Garcia,55255,60000000001923,73,Emma,Davis,55257,60000000001868,119,James,Rodriguez,55259,60000000001925,99,Jane,Miller,55260,60000000001912,77,David,Brown
55261,60000000001936,5,Mary,Martinez,55263,60000000001899,138,Michael,Brown,55265,60000000001881,124,David,Jones,55267,60000000001848,139,Lisa,Brown,55269,60000000001919,82,Emma,Davis
55271,60000000001876,112,Michael,Miller,55272,60000000001953,24,Jane,Miller,55275,60000000001999,65,John,Williams,55277,60000000002036,130,John,Williams,55278,60000000001850,128,John,Johnson
55279,60000000001972,5,Robert,Williams,55281,60000000001957,106,Robert,Rodriguez,55282,60000000001914,36,Jane,Rodriguez,55285,60000000001866,29,David,Jones,55286,60000000001975,47,Lisa,Rodriguez
55287,60000000001906,99,Michael,Brown,55290,60000000002013,57,Jane,Smith,55292,60000000002006,138,Lisa,Davis,55296,60000000001878,82,Robert,Garcia,55300,60000000002027,89,Emma,Jones
55301,60000000001890,96,Mary,Johnson,55302,60000000002001,52,Mary,Brown,55303,60000000002020,96,Mary,Rodriguez,55304,60000000001885,10,Lisa,Jones,55306,60000000001976,38,David,Garcia
55308,60000000001913,52,John,Martinez,55309,60000000001864,130,Lisa,Johnson,55313,60000000002015,80,Emma,Garcia,55314,60000000001947,21,Robert,Smith,55315,60000000001895,106,Jane,Garcia
55317,60000000001986,119,Robert,Smith,55318,60000000001872,5,Mary,Garcia,55319,60000000002010,65,Emma,Brown,55320,60000000002082,126,Mary,Williams,55327,60000000002536,24,Robert,Martinez
55329,60000000002074,77,Jane,Davis,55332,60000000002070,125,Mary,Brown,55333,60000000002147,11,Emma,Brown,55335,60000000002096,36,Lisa,Williams,55342,60000000002061,65,John,Williams
55345,60000000002069,21,Mary,Rodriguez,55346,60000000002108,124,Emma,Williams,55348,60000000002062,11,Mary,Miller,55355,60000000002087,112,Emma,Williams,55357,60000000002064,36,Jane,Martinez
55364,60000000002673,12,Lisa,Johnson,55365,60000000002060,28,Jane,Miller,55368,60000000002054,22,James,Miller,55369,60000000002063,14,Mary,Johnson,55371,60000000002056,119,Emma,Brown
55379,60000000002092,65,Michael,Martinez,55381,60000000002194,65,Robert,Miller,55383,60000000002470,106,Michael,Miller,55389,60000000002465,103,Emma,Smith,55397,60000000002073,36,David,Brown
55403,60000000002283,126,Jane,Garcia,55422,60000000002055,22,John,Smith,55435,60000000002640,119,Lisa,Martinez,55439,60000000002085,11,Lisa,Smith,55444,60000000002743,107,Jane,Smith
55445,60000000002090,5,Lisa,Smith,55451,60000000002267,36,James,Rodriguez,55459,60000000002295,105,Sarah,Smith,55460,60000000002654,126,David,Miller,55463,60000000002321,65,Lisa,Martinez
55466,60000000002597,29,Jane,Martinez,55471,60000000002065,119,Jane,Garcia,55476,60000000002057,38,Sarah,Garcia,55479,60000000002072,128,David,Davis,55483,60000000002144,77,testSon,TESTSON
55485,60000000002463,22,Mary,Miller,55486,60000000002485,65,Michael,Garcia,55488,60000000002282,119,Emma,Rodriguez,55492,60000000002411,138,Emma,Martinez,55493,60000000002688,8,Lisa,Johnson
55494,60000000002128,128,Emma,Brown,55513,60000000002066,38,Sarah,Smith,55519,60000000002097,21,Jane,Jones,55520,60000000002692,31,James,Davis,55521,60000000002511,138,James,Smith
55529,60000000002107,36,Mary,Martinez,55530,60000000002361,10,John,Johnson,55534,60000000002071,11,Mary,Martinez,55544,60000000002084,113,Emma,Rodriguez,55547,60000000002141,106,Robert,Martinez
55552,60000000002081,5,Emma,Martinez,55565,60000000002430,103,John,Smith,55567,60000000002281,30,John,Williams,55574,60000000002358,119,Lisa,Garcia,55582,60000000002526,128,Michael,Martinez
55584,60000000002068,130,Mary,Miller,55594,60000000002161,28,Michael,Miller,55599,60000000002541,11,Jane,Davis,55600,60000000002098,65,Lisa,Rodriguez,55602,60000000002683,128,Sarah,Jones
55615,60000000002698,129,Robert,Smith,55616,60000000002076,112,Mary,Garcia,55618,60000000002424,73,James,Davis,55619,60000000002217,139,Jane,Garcia,55622,60000000002075,128,Lisa,Smith
55638,60000000002200,36,Jane,Garcia,55640,60000000002254,119,James,Miller,55649,60000000002618,31,James,Martinez,55667,60000000002079,130,Sarah,Johnson,55669,60000000002431,130,Lisa,Johnson
55690,60000000002106,113,David,Davis,55693,60000000002099,52,James,Miller,55703,60000000002348,138,James,Garcia,55704,60000000002571,10,Jane,Jones,55707,60000000002396,57,Jane,Davis
55709,60000000002446,82,Lisa,Davis,55710,60000000002535,119,Mary,Johnson,55713,60000000002091,119,Mary,Davis,55719,60000000002639,99,Mary,Johnson,55720,60000000002155,128,James,Martinez
55723,60000000002103,112,Sarah,Smith,55724,60000000002380,65,Sarah,Davis,55729,60000000002297,36,John,Jones,55731,60000000002644,124,James,Smith,55734,60000000002306,130,David,Smith
55738,60000000002682,89,Robert,Martinez,55741,60000000002326,57,James,Jones,55746,60000000002704,128,Robert,Johnson,55748,60000000002478,78,Mary,Davis,55750,60000000002231,128,Michael,Martinez
55759,60000000002729,78,Emma,Davis,55764,60000000002078,77,Lisa,Miller,55768,60000000002143,126,Lisa,Miller,55769,60000000002258,61,John,Jones,55774,60000000002399,12,Robert,Johnson
55778,60000000002123,130,Jane,Johnson,55779,60000000002471,26,John,Brown,55780,60000000002257,77,James,Johnson,55781,60000000002080,112,Robert,Davis,55782,60000000002095,112,David,Williams
55792,60000000002525,99,Emma,Johnson,55796,60000000002284,11,Sarah,Johnson,55800,60000000002473,113,James,Davis,55801,60000000002437,31,John,Garcia,55803,60000000002615,96,Jane,Williams
55811,60000000002575,130,Robert,Garcia,55812,60000000002121,30,John,Garcia,55824,60000000002474,113,James,Johnson,55826,60000000002164,130,John,Johnson,55828,60000000002083,60,David,Davis
55830,60000000002677,128,Emma,Johnson,55835,60000000002151,30,Lisa,Jones,55837,60000000002124,119,David,Williams,55840,60000000002425,130,Emma,Brown,55842,60000000002587,28,David,Miller
55850,60000000002509,22,John,Smith,55855,60000000002681,112,John,Smith,55856,60000000002435,8,Robert,Rodriguez,55860,60000000002591,38,John,Johnson,55865,60000000002093,105,Michael,Martinez
55866,60000000002198,119,Jane,Smith,55867,60000000002584,112,John,Miller,55868,60000000002532,9,Emma,Miller,55876,60000000002077,11,Emma,Johnson,55879,60000000002136,11,Mary,Johnson
55884,60000000002403,28,Robert,Smith,55889,60000000002429,128,David,Johnson,55896,60000000002699,26,Mary,Smith,55902,60000000002089,36,David,Johnson,55908,60000000002118,125,Robert,Williams
55912,60000000002172,92,John,Miller,55919,60000000002277,125,Robert,Brown,55923,60000000002544,119,Jane,Johnson,55926,60000000002088,124,James,Brown,55942,60000000002086,36,Michael,Davis
55946,60000000002551,38,Sarah,Smith,55948,60000000002359,106,Lisa,Rodriguez,55952,60000000002353,26,Lisa,Davis,55953,60000000002135,103,Mary,Brown,55970,60000000002187,30,John,Johnson
55972,60000000002114,105,Sarah,Rodriguez,55989,60000000002120,38,David,Miller,55991,60000000002676,38,Sarah,Martinez,55994,60000000002300,5,Robert,Martinez,55996,60000000002570,78,Michael,Miller
56001,60000000002387,113,Emma,Miller,56002,60000000002276,128,Sarah,Martinez,56010,60000000002492,125,Lisa,Brown,56019,60000000002259,60,Jane,Brown,56029,60000000002671,138,John,Rodriguez
56033,60000000002432,29,Robert,Williams,56037,60000000002273,128,Jane,Brown,56041,60000000002355,31,Emma,Martinez,56055,60000000002486,22,John,Smith,56057,60000000002350,11,John,Smith
56066,60000000002426,22,James,Brown,56068,60000000002122,82,John,Brown,56069,60000000002173,21,James,Rodriguez,56072,60000000002661,99,Michael,Garcia,56074,60000000002228,78,Lisa,Garcia
56081,60000000002184,65,James,Williams,56089,60000000002356,92,Jane,Rodriguez,56096,60000000002301,124,Sarah,Smith,56109,60000000002304,126,Emma,Rodriguez,56111,60000000002199,36,Robert,Davis
56119,60000000002589,112,Robert,Martinez,56122,60000000002613,30,David,Martinez,56136,60000000002131,21,Mary,Brown,56138,60000000002260,112,Sarah,Jones,56141,60000000002163,92,Mary,Jones
56142,60000000002621,129,Lisa,Jones,56148,60000000002607,106,James,Smith,56151,60000000002341,125,Lisa,Smith,56154,60000000002126,65,Emma,Johnson,56155,60000000002110,38,John,Smith
56156,60000000002225,22,Robert,Johnson,56158,60000000002476,29,Michael,Garcia,56159,60000000002125,107,John,Johnson,56161,60000000002134,38,Lisa,Davis,56162,60000000002302,11,Michael,Johnson
56168,60000000002329,138,Sarah,Jones,56178,60000000002722,8,Lisa,Miller,56180,60000000002182,30,Sarah,Miller,56186,60000000002499,57,John,Martinez,56188,60000000002438,107,Mary,Johnson
56199,60000000002255,124,Michael,Miller,56200,60000000002347,129,Emma,Davis,56202,60000000002115,36,Lisa,Rodriguez,56203,60000000002294,113,Sarah,Jones,56208,60000000002732,11,James,Rodriguez
56209,60000000002501,14,Sarah,Johnson,56214,60000000002379,106,Jane,Williams,56215,60000000002117,78,John,Rodriguez,56221,60000000002152,99,David,Martinez,56223,60000000002472,52,John,Garcia
56225,60000000002129,77,James,Johnson,56228,60000000002183,52,David,Johnson,56231,60000000002154,92,James,Martinez,56247,60000000002727,107,Mary,Miller,56248,60000000002469,92,Michael,Johnson
56251,60000000002522,139,James,Williams,56255,60000000002594,28,Mary,Johnson,56264,60000000002351,89,Robert,Smith,56276,60000000002305,119,John,Williams,56277,60000000002111,112,Emma,Miller
56279,60000000002112,28,John,Miller,56280,60000000002739,47,James,Garcia,56283,60000000002262,65,Jane,Smith,56288,60000000002487,30,Emma,Rodriguez,56289,60000000002094,5,James,Miller
56297,60000000002406,138,Emma,Williams,56307,60000000002296,30,David,Johnson,56308,60000000002452,99,John,Williams,56309,60000000002293,52,Jane,Johnson,56311,60000000002312,30,Sarah,Garcia
56314,60000000002518,107,Sarah,Martinez,56324,60000000002630,138,Jane,Brown,56341,60000000002280,52,Emma,Williams,56344,60000000002139,14,James,Smith,56347,60000000002543,28,Mary,Johnson
56349,60000000002311,5,David,Jones,56355,60000000002290,36,Michael,Brown,56358,60000000002442,99,John,Williams,56359,60000000002165,107,Sarah,Garcia,56360,60000000002181,92,Jane,Davis
56362,60000000002448,130,Mary,Martinez,56365,60000000002270,61,Emma,Williams,56367,60000000002377,31,Michael,Jones,56374,60000000002669,99,Mary,Jones,56377,60000000002220,30,Lisa,Davis
56385,60000000002608,31,James,Rodriguez,56387,60000000002130,119,Jane,Johnson,56395,60000000002363,26,Mary,Williams,56396,60000000002289,130,Lisa,Brown,56399,60000000002605,130,David,Garcia
56402,60000000002109,113,Emma,Miller,56419,60000000002342,139,Lisa,Garcia,56423,60000000002416,14,David,Davis,56451,60000000002725,78,John,Williams,56452,60000000002373,26,Emma,Rodriguez
56461,60000000002288,113,Mary,Martinez,56477,60000000002367,113,Michael,Garcia,56483,60000000002397,61,Emma,Smith,56485,60000000002287,78,David,Johnson,56489,60000000002415,124,Emma,Brown
56490,60000000002458,124,Michael,Martinez,56500,60000000002550,82,Mary,Garcia,56508,60000000002266,125,Jane,Williams,56509,60000000002102,128,Lisa,Jones,56514,60000000002502,57,David,Jones
56525,60000000002264,77,Michael,Brown,56526,60000000002601,10,David,Davis,56529,60000000002558,130,Emma,Jones,56531,60000000002346,73,Mary,Johnson,56540,60000000002337,36,John,Davis
56543,60000000002105,5,Robert,Brown,56544,60000000002320,61,David,Miller,56545,60000000002513,124,Sarah,Miller,56552,60000000002333,119,Emma,Martinez,56558,60000000002625,99,James,Johnson
56559,60000000002179,119,Lisa,Brown,56563,60000000002533,38,John,Garcia,56573,60000000002433,5,Michael,Miller,56575,60000000002603,52,David,Martinez,56576,60000000002206,5,Lisa,Garcia
56579,60000000002436,38,Mary,Brown,56580,60000000002233,92,Lisa,Davis,56581,60000000002468,61,Robert,Miller,56582,60000000002718,30,Mary,Martinez,56586,60000000002538,8,David,Garcia
56606,60000000002191,28,Robert,Brown,56617,60000000002428,119,Michael,Williams,56619,60000000002624,105,Jane,Davis,56630,60000000002278,36,Mary,Garcia,56636,60000000002439,138,Sarah,Martinez
56637,60000000002567,12,James,Brown,56638,60000000002104,126,David,Jones,56648,60000000002269,112,Sarah,Smith,56655,60000000002261,22,Mary,Smith,56663,60000000002534,65,David,Garcia
56664,60000000002611,139,Mary,Brown,56671,60000000002697,92,Lisa,Martinez,56675,60000000002420,52,Sarah,Garcia,56678,60000000002132,30,David,Miller,56681,60000000002174,5,Sarah,Johnson
56682,60000000002724,128,Lisa,Williams,56687,60000000002310,82,Jane,Smith,56688,60000000002616,119,Emma,Rodriguez,56689,60000000002345,112,James,Davis,56691,60000000002623,103,Sarah,Jones
56694,60000000002622,26,Sarah,Garcia,56696,60000000002195,82,Sarah,Jones,56705,60000000002202,89,Mary,Smith,56714,60000000002119,99,John,Garcia,56716,60000000002464,29,Michael,Miller
56721,60000000002186,128,Michael,Jones,56724,60000000002408,30,Jane,Jones,56739,60000000002389,61,James,Johnson,56744,60000000002338,77,James,Martinez,56748,60000000002146,5,John,Martinez
56752,60000000002404,80,Mary,Williams,56760,60000000002170,11,Robert,Martinez,56764,60000000002286,21,Robert,Rodriguez,56768,60000000002447,119,Robert,Rodriguez,56772,60000000002524,96,Jane,Garcia
56773,60000000002711,130,John,Miller,56783,60000000002113,105,James,Davis,56785,60000000002167,5,David,Garcia,56792,60000000002498,14,Sarah,Davis,56800,60000000002505,24,Michael,Johnson
56807,60000000002279,92,Jane,Rodriguez,56817,60000000002307,22,David,Smith,56835,60000000002530,29,Sarah,Miller,56836,60000000002271,65,James,Brown,56839,60000000002562,8,Mary,Jones
56842,60000000002549,26,James,Johnson,56847,60000000002488,38,Jane,Jones,56861,60000000002705,8,Mary,Smith,56863,60000000002116,30,James,Johnson,56866,60000000002256,29,David,Garcia
56876,60000000002440,24,James,Garcia,56886,60000000002619,11,David,Johnson,56892,60000000002291,105,John,Davis,56896,60000000002149,5,Michael,Smith,56899,60000000002265,29,James,Jones
56902,60000000002378,103,Sarah,Rodriguez,56903,60000000002327,125,Michael,Smith,56908,60000000002480,61,Jane,Martinez,56922,60000000002706,57,Jane,Davis,56932,60000000002700,36,Emma,Martinez
56933,60000000002516,61,Sarah,Jones,56936,60000000002514,106,Robert,Garcia,56949,60000000002742,65,Jane,Williams,56951,60000000002285,65,John,Jones,56966,60000000002604,26,Lisa,Johnson
56969,60000000002229,82,Emma,Rodriguez,56971,60000000002560,128,James,Johnson,56973,60000000002381,30,Mary,Martinez,56974,60000000002628,112,Mary,Martinez,56983,60000000002735,52,Robert,Jones
56986,60000000002268,128,David,Williams,56988,60000000002197,92,Jane,Jones,56992,60000000002490,129,Sarah,Garcia,56993,60000000002384,138,Emma,Jones,56995,60000000002635,106,Emma,Martinez
57032,60000000002599,78,Sarah,Williams,57033,60000000002665,29,James,Smith,57043,60000000002299,112,John,Johnson,57049,60000000002386,24,Lisa,Brown,57057,60000000002308,30,John,Johnson
57058,60000000002449,119,David,Williams,57075,60000000002153,130,Jane,Martinez,57085,60000000002253,89,Robert,Garcia,60466,60000000002244,65,Mary,Davis,60467,60000000002245,10,Robert,Miller
60487,60000000002668,138,Michael,Martinez,60492,60000000002481,29,Emma,Rodriguez,60497,60000000002656,138,Mary,Miller,60498,60000000002467,65,Emma,Rodriguez,60505,60000000002670,103,John,Johnson
60521,60000000002484,112,Emma,Williams,60531,60000000002685,128,Sarah,Brown,60532,60000000002637,65,Mary,Williams,60542,60000000002482,9,Jane,Smith,60566,60000000002475,112,Jane,Garcia
60568,60000000002391,28,James,Johnson,60578,60000000002515,5,Emma,Garcia,60581,60000000002395,105,James,Johnson,60584,60000000002340,11,James,Williams,60593,60000000002720,31,Lisa,Davis
60602,60000000002390,112,Emma,Smith,60604,60000000002581,77,John,Brown,60608,60000000002343,138,David,Brown,60614,60000000002528,128,Robert,Smith,60620,60000000002717,77,Sarah,Smith
60626,60000000002364,107,Emma,Rodriguez,60640,60000000002577,52,Robert,Davis,60642,60000000002357,36,Michael,Williams,60643,60000000002504,89,Robert,Rodriguez,60655,60000000002360,92,John,Rodriguez
60658,60000000002374,125,Mary,Williams,60659,60000000002708,38,John,Johnson,60668,60000000002741,60,Mary,Martinez,60672,60000000002636,65,John,Johnson,60678,60000000002372,112,Jane,Johnson
60680,60000000002593,28,Jane,Miller,60690,60000000002569,112,Michael,Martinez,60694,60000000002400,125,James,Johnson,60696,60000000002737,57,James,Miller,60698,60000000002369,73,Mary,Martinez
60703,60000000002633,9,John,Jones,60710,60000000002579,21,David,Miller,60717,60000000002527,36,James,Johnson,60723,60000000002690,107,David,Johnson,60724,60000000002365,52,Jane,Miller
60729,60000000002590,61,Lisa,Rodriguez,60747,60000000002272,82,Lisa,Davis,60751,60000000002466,65,James,Davis,60766,60000000002370,5,Robert,Williams,60780,60000000002409,29,Emma,Jones
60782,60000000002274,21,Lisa,Brown,60794,60000000002493,135,Jane,Martinez,60795,60000000002412,78,Mary,Brown,60796,60000000002547,106,Lisa,Williams,60800,60000000002495,130,Michael,Jones
60815,60000000002352,12,Sarah,Garcia,60839,60000000002540,11,John,Garcia,60841,60000000002519,78,Lisa,Johnson,60846,60000000002638,135,Emma,Jones,60855,60000000002275,38,Mary,Smith
60860,60000000002548,65,Robert,Davis,60870,60000000002477,12,Emma,Brown,60871,60000000002546,38,Sarah,Rodriguez,60873,60000000002330,52,Robert,Williams,60884,60000000002453,38,David,Davis
60885,60000000002674,61,Lisa,Johnson,60908,60000000002582,112,John,Johnson,60909,60000000002595,99,Emma,Brown,60917,60000000002652,82,Michael,Johnson,60923,60000000002383,65,Lisa,Martinez
60924,60000000002559,129,Sarah,Davis,60929,60000000002322,24,Lisa,Martinez,60932,60000000002366,24,David,Johnson,60943,60000000002585,10,Emma,Smith,60950,60000000002642,9,Jane,Miller
60951,60000000002713,139,Emma,Davis,60963,60000000002362,11,James,Jones,60968,60000000002709,92,Robert,Miller,60969,60000000002678,138,Jane,Martinez,60973,60000000002666,65,Emma,Garcia
60976,60000000002517,82,Robert,Brown,60978,60000000002423,96,Sarah,Rodriguez,61012,60000000002460,106,Michael,Miller,61014,60000000002382,126,Sarah,Rodriguez,61015,60000000002494,8,John,Davis
61019,60000000002610,107,David,Johnson,61031,60000000002707,129,Lisa,Smith,61053,60000000002576,12,Michael,Davis,61059,60000000002663,105,Sarah,Garcia,61065,60000000002407,139,Mary,Brown
61080,60000000002701,30,David,Martinez,61084,60000000002572,92,James,Jones,61088,60000000002529,107,David,Brown,61110,60000000002680,129,David,Rodriguez,61116,60000000002723,138,Mary,Williams
61123,60000000002691,73,Lisa,Brown,61132,60000000002694,112,Emma,Miller,61142,60000000002655,113,Lisa,Miller,61163,60000000002298,36,Mary,Rodriguez,61164,60000000002659,80,David,Brown
61165,60000000002444,92,Robert,Garcia,61168,60000000002292,36,David,Martinez,61187,60000000002456,112,David,Rodriguez,61189,60000000002651,113,David,Williams,61201,60000000002512,10,David,Miller
61203,60000000002554,125,James,Williams,61208,60000000002450,105,David,Johnson,61210,60000000002583,30,Emma,Johnson,61217,60000000002710,22,Mary,Martinez,61218,60000000002349,11,John,Davis
61229,60000000002658,129,Jane,Martinez,61231,60000000002500,107,Jane,Johnson,61234,60000000002375,73,David,Jones,61241,60000000002434,82,Lisa,Martinez,61246,60000000002555,113,James,Johnson
61249,60000000002556,126,James,Williams,61273,60000000002414,28,Michael,Brown,61275,60000000002410,125,John,Garcia,61276,60000000002592,65,David,Williams,61277,60000000002510,57,Sarah,Miller
61293,60000000002324,57,John,Smith,61298,60000000002631,10,Lisa,Davis,61310,60000000002568,92,John,Williams,61319,60000000002368,80,Mary,Jones,61321,60000000002421,128,Emma,Miller
61323,60000000002496,38,John,Garcia,61341,60000000002675,105,Robert,Rodriguez,61354,60000000002703,24,James,Smith,61358,60000000002523,30,Mary,Garcia,61378,60000000002657,130,Michael,Johnson
61384,60000000002606,29,Jane,Martinez,61386,60000000002715,29,Mary,Davis,61392,60000000002648,130,Robert,Brown,61397,60000000002731,14,Emma,Davis,61437,60000000002609,29,James,Smith
61454,60000000002614,99,Lisa,Miller,61458,60000000002667,11,David,Miller,61465,60000000002461,96,David,Brown,61468,60000000002483,129,Emma,Jones,61479,60000000002323,29,David,Miller
61481,60000000002634,82,David,Miller,61496,60000000002417,12,Emma,Brown,61508,60000000002455,125,Robert,Miller,61516,60000000002602,61,David,Jones,61518,60000000002445,36,Jane,Miller
61526,60000000002573,52,Jane,Johnson,61543,60000000002303,92,James,Jones,61561,60000000002733,103,Emma,Williams,61562,60000000002647,8,Michael,Davis,61566,60000000002552,125,James,Brown
61572,60000000002388,24,Lisa,Miller,61583,60000000002641,12,James,Johnson,61593,60000000002520,52,John,Williams,61600,60000000002503,77,Emma,Brown,61602,60000000002738,96,David,Miller
61617,60000000002331,9,Lisa,Jones,61658,60000000002695,128,Jane,Williams,61666,60000000002422,21,James,Martinez,61668,60000000002719,29,David,Davis,61671,60000000002545,119,Mary,Jones
61674,60000000002489,61,Michael,Miller,61675,60000000002309,107,Jane,Miller,61682,60000000002726,135,Jane,Martinez,61717,60000000002497,138,Jane,Miller,61718,60000000002479,36,David,Davis
61728,60000000002553,135,Sarah,Rodriguez,61729,60000000002394,113,David,Smith,61741,60000000002679,12,Jane,Jones,61746,60000000002645,22,Sarah,Williams,61750,60000000002462,36,Lisa,Brown
61764,60000000002574,31,James,Miller,61766,60000000002335,128,Emma,Jones,61767,60000000002564,119,Michael,Brown,61781,60000000002371,113,Lisa,Garcia,61782,60000000002451,80,Mary,Martinez
61783,60000000002508,125,David,Smith,61796,60000000002427,29,Jane,Miller,61809,60000000002643,52,James,Smith,61813,60000000002684,12,Robert,Rodriguez,61824,60000000002660,78,Lisa,Davis
61830,60000000002405,78,Michael,Martinez,61840,60000000002392,99,David,Smith,61848,60000000002385,21,Emma,Williams,61860,60000000002398,128,Robert,Martinez,61876,60000000002721,128,Sarah,Garcia
61880,60000000002537,126,Mary,Garcia,61883,60000000002712,30,John,Jones,61885,60000000002457,103,Lisa,Brown,61893,60000000002629,124,James,Rodriguez,61894,60000000002566,36,Emma,Martinez
61902,60000000002653,38,David,Rodriguez,61913,60000000002401,82,John,Brown,61921,60000000002507,29,John,Rodriguez,61922,60000000002736,89,David,Williams,61935,60000000002617,113,James,Garcia
61946,60000000002539,119,Sarah,Martinez,61959,60000000002334,119,Mary,Davis,61969,60000000002596,10,Lisa,Davis,61973,60000000002586,96,Jane,Martinez,61982,60000000002565,22,Emma,Williams
61987,60000000002689,135,Sarah,Davis,61989,60000000002734,30,David,Williams,62018,60000000002588,128,Lisa,Rodriguez,62033,60000000002419,8,Sarah,Williams,62046,60000000002491,24,Mary,Brown
62048,60000000002339,65,James,Smith,62065,60000000002418,30,James,Rodriguez,62066,60000000002542,8,Robert,Williams,62069,60000000002459,65,Emma,Martinez,62070,60000000002646,126,John,Miller
62075,60000000002598,124,John,Martinez,62080,60000000002506,61,Lisa,Miller,62087,60000000002716,135,Robert,Rodriguez,62094,60000000002578,26,Robert,Jones,62099,60000000002730,89,Emma,Williams
62101,60000000002328,103,Robert,Williams,62112,60000000002632,119,James,Williams,62113,60000000002687,12,Lisa,Garcia,62123,60000000002531,9,Emma,Smith,62125,60000000002325,113,John,Brown
62127,60000000002686,107,John,Brown,62145,60000000002626,24,Mary,Smith,62149,60000000002650,38,Michael,Miller,62154,60000000002557,8,Jane,Williams,62157,60000000002649,47,Sarah,Davis
62165,60000000002728,128,David,Johnson,62166,60000000002600,31,Emma,Davis,62167,60000000002662,28,Lisa,Martinez,62179,60000000002714,12,John,Jones,62190,60000000002627,8,James,Rodriguez
62208,60000000002612,113,James,Martinez,62209,60000000002563,52,Lisa,Davis,62216,60000000002313,8,John,Davis,62221,60000000002413,124,John,Johnson,62223,60000000002620,22,Mary,Jones
62227,60000000002344,11,Jane,Garcia,62243,60000000002740,119,David,Williams,62248,60000000002317,107,Emma,Smith,62263,60000000002354,130,Michael,Brown,62267,60000000002336,52,Mary,Garcia
62268,60000000002696,21,Jane,Jones,62280,60000000002332,28,John,Williams,62284,60000000002393,128,Michael,Jones,62288,60000000002580,57,David,Johnson,62298,60000000002402,92,David,Miller
62300,60000000002521,135,David,Davis,62304,60000000002664,135,Jane,Garcia,62319,60000000002454,96,Michael,Brown,62320,60000000002319,99,Jane,Garcia,62323,60000000002318,125,John,Johnson
62330,60000000002316,52,Michael,Rodriguez,62338,60000000002443,138,Jane,Davis,62342,60000000002315,99,Sarah,Miller,62348,60000000002441,135,Mary,Garcia,62354,60000000002314,8,Lisa,Garcia
