DraftAccountId,AccountId,BusinessUnitId,surname,forename
54937,6E+13,38,Brown,David
54938,6E+13,126,Davis,Lisa
54941,6E+13,28,Smith,Robert
54942,6E+13,5,Williams,Lisa
54944,6E+13,31,Rodriguez,Michael
54945,6E+13,105,Jones,Emma
54946,6E+13,124,Davis,Lisa
54947,6E+13,10,Rodriguez,Sarah
54955,6E+13,26,Garcia,Robert
54957,6E+13,28,Rodriguez,David
54960,6E+13,99,Davis,Lisa
54958,6E+13,124,Rodriguez,David
54967,6E+13,92,Davis,Emma
54979,6E+13,77,Davis,Emma
54983,6E+13,92,Brown,Emma
54977,6E+13,124,Martinez,Lisa
54980,6E+13,52,Rodriguez,Emma
54985,6E+13,139,Martinez,David
54991,6E+13,65,Davis,Sarah
54992,6E+13,28,Martinez,Robert
54993,6E+13,11,Rodriguez,Emma
54997,6E+13,126,Garcia,Michael
55000,6E+13,22,Johnson,Robert
54996,6E+13,38,Davis,Emma
54998,6E+13,21,Jones,Michael
55010,6E+13,52,Williams,Robert
55023,6E+13,125,Garcia,John
55018,6E+13,78,Davis,Michael
55037,6E+13,80,Smith,James
55052,6E+13,77,Johnson,Sarah
55035,6E+13,65,Garcia,Jane
55051,6E+13,36,Miller,Emma
55041,6E+13,10,Martinez,Sarah
55043,6E+13,119,Garcia,James
55064,6E+13,128,Rodriguez,Mary
55069,6E+13,36,Garcia,Robert
55065,6E+13,8,Garcia,Mary
55066,6E+13,65,Smith,Emma
55076,6E+13,11,Rodriguez,Mary
55078,6E+13,5,Rodriguez,Robert
55079,6E+13,65,Miller,David
55055,6E+13,52,Garcia,Emma
55083,6E+13,14,Smith,Robert
55050,6E+13,52,Miller,Jane
55001,6E+13,65,Brown,Sarah
55005,6E+13,138,Martinez,Robert
55045,6E+13,8,Davis,Robert
55017,6E+13,52,Brown,Mary
55048,6E+13,82,Jones,Sarah
55020,6E+13,126,Garcia,Sarah
55042,6E+13,96,Garcia,Emma
54984,6E+13,29,Martinez,David
55056,6E+13,9,Johnson,Sarah
55036,6E+13,30,Williams,Mary
54965,6E+13,38,Rodriguez,John
55070,6E+13,80,Johnson,Mary
