Username,DraftAccountId1,AccountId1,BusinessUnitId1,forename1,surname1,DraftAccountId2,AccountId2,BusinessUnitId2,forename2,surname2,DraftAccountId3,AccountId3,BusinessUnitId3,forename3,surname3,DraftAccountId4,AccountId4,BusinessUnitId4,forename4,surname4,DraftAccountId5,AccountId5,BusinessUnitId5,forename5,surname5
Opal-User-226@dev.platform.hmcts.net,38068,60000000001348,61,Mary,Johnson,38100,60000000001642,22,James,Rodriguez,19633,60000000001217,61,John,Garcia,55286,60000000001975,47,Robert,Johnson,54939,60000000001905,99,David,Jones
Opal-User-227@dev.platform.hmcts.net,19702,60000000001657,61,John,Brown,56215,60000000002117,78,John,Rodriguez,60855,60000000002275,38,Mary,Smith,55919,60000000002277,125,Robert,Brown,18837,60000000001201,106,Emma,Johnson
Opal-User-228@dev.platform.hmcts.net,18894,60000000001328,124,Robert,Davis,55304,60000000001885,10,Michael,Miller,55357,60000000002064,36,Jane,Martinez,37736,60000000001193,106,Lisa,Brown,56199,60000000002255,124,Michael,Miller
Opal-User-229@dev.platform.hmcts.net,54985,60000000001763,139,David,Martinez,55026,60000000001877,65,Emma,Davis,55246,60000000002046,9,James,Jones,60747,60000000002272,82,Lisa,Davis,55000,60000000001742,22,Robert,Johnson
Opal-User-230@dev.platform.hmcts.net,54979,60000000001762,77,Emma,Davis,37771,60000000001419,82,Emma,Davis,18870,60000000001433,103,Lisa,Davis,54957,60000000001777,28,David,Rodriguez,18754,60000000001343,113,Mary,Johnson
Opal-User-231@dev.platform.hmcts.net,56289,60000000002094,5,James,Miller,54958,60000000001739,124,David,Rodriguez,55050,60000000001733,52,Jane,Miller,56002,60000000002276,128,Sarah,Martinez,56576,60000000002206,5,Lisa,Garcia
Opal-User-232@dev.platform.hmcts.net,55034,60000000001847,52,Michael,Jones,37767,60000000001403,106,Mary,Rodriguez,56951,60000000002285,65,John,Jones,56202,60000000002115,36,Lisa,Rodriguez,55381,60000000002194,65,Robert,Miller
Opal-User-233@dev.platform.hmcts.net,55534,60000000002071,11,Mary,Martinez,56277,60000000002111,112,Emma,Miller,55837,60000000002124,119,David,Williams,18523,60000000001197,82,Sarah,Johnson,55015,60000000001928,103,Jane,Brown
Opal-User-234@dev.platform.hmcts.net,54976,60000000001854,38,Mary,Johnson,18464,60000000001184,82,Mary,Miller,56807,60000000002279,92,Jane,Rodriguez,54968,60000000001938,57,Mary,Smith,55044,60000000001897,125,Robert,Smith
Opal-User-235@dev.platform.hmcts.net,55271,60000000001876,112,John,Miller,55720,60000000002155,128,James,Martinez,55769,60000000002258,61,John,Jones,18837,60000000001201,106,Emma,Johnson,55104,60000000002041,105,test,TEST
