Username,Comments
opal-user-201@dev.platform.hmcts.net,Used for PG Accounts
opal-user-202@dev.platform.hmcts.net,Used for PG Accounts
opal-user-203@dev.platform.hmcts.net,Used for PG Accounts
opal-user-204@dev.platform.hmcts.net,Used for PG Accounts
opal-user-205@dev.platform.hmcts.net,Used for PG Accounts
opal-user-206@dev.platform.hmcts.net,Used for Major Creditors
opal-user-207@dev.platform.hmcts.net,Used for Major Creditors
opal-user-208@dev.platform.hmcts.net,Used for Major Creditors
opal-user-209@dev.platform.hmcts.net,Used for Major Creditors
opal-user-210@dev.platform.hmcts.net,Used for Major Creditors
opal-user-211@dev.platform.hmcts.net,Used for Major Creditors
opal-user-212@dev.platform.hmcts.net,Used for Major Creditors
opal-user-213@dev.platform.hmcts.net,Used for Major Creditors
opal-user-214@dev.platform.hmcts.net,Used for Major Creditors
opal-user-215@dev.platform.hmcts.net,Used for Major Creditors
opal-user-216@dev.platform.hmcts.net,
opal-user-217@dev.platform.hmcts.net,
opal-user-218@dev.platform.hmcts.net,
opal-user-219@dev.platform.hmcts.net,
opal-user-220@dev.platform.hmcts.net,
opal-user-221@dev.platform.hmcts.net,
opal-user-222@dev.platform.hmcts.net,
opal-user-223@dev.platform.hmcts.net,
opal-user-224@dev.platform.hmcts.net,
opal-user-225@dev.platform.hmcts.net,
opal-user-226@dev.platform.hmcts.net,
opal-user-227@dev.platform.hmcts.net,
opal-user-228@dev.platform.hmcts.net,
opal-user-229@dev.platform.hmcts.net,
opal-user-230@dev.platform.hmcts.net,
opal-user-231@dev.platform.hmcts.net,
opal-user-232@dev.platform.hmcts.net,
opal-user-233@dev.platform.hmcts.net,
opal-user-234@dev.platform.hmcts.net,
opal-user-235@dev.platform.hmcts.net,
opal-user-236@dev.platform.hmcts.net,
opal-user-237@dev.platform.hmcts.net,
opal-user-238@dev.platform.hmcts.net,
opal-user-239@dev.platform.hmcts.net,
opal-user-240@dev.platform.hmcts.net,
opal-user-241@dev.platform.hmcts.net,
opal-user-242@dev.platform.hmcts.net,
opal-user-243@dev.platform.hmcts.net,
opal-user-244@dev.platform.hmcts.net,
opal-user-245@dev.platform.hmcts.net,
opal-user-246@dev.platform.hmcts.net,
opal-user-247@dev.platform.hmcts.net,
opal-user-248@dev.platform.hmcts.net,
opal-user-249@dev.platform.hmcts.net,
opal-user-250@dev.platform.hmcts.net,
opal-user-251@dev.platform.hmcts.net,
opal-user-252@dev.platform.hmcts.net,
opal-user-253@dev.platform.hmcts.net,
opal-user-254@dev.platform.hmcts.net,
opal-user-255@dev.platform.hmcts.net,
opal-user-256@dev.platform.hmcts.net,
opal-user-257@dev.platform.hmcts.net,
opal-user-258@dev.platform.hmcts.net,
opal-user-259@dev.platform.hmcts.net,
opal-user-260@dev.platform.hmcts.net,
opal-user-261@dev.platform.hmcts.net,
opal-user-262@dev.platform.hmcts.net,
opal-user-263@dev.platform.hmcts.net,
opal-user-264@dev.platform.hmcts.net,
opal-user-265@dev.platform.hmcts.net,
opal-user-266@dev.platform.hmcts.net,
opal-user-267@dev.platform.hmcts.net,
opal-user-268@dev.platform.hmcts.net,
opal-user-269@dev.platform.hmcts.net,
opal-user-270@dev.platform.hmcts.net,
opal-user-271@dev.platform.hmcts.net,
opal-user-272@dev.platform.hmcts.net,
opal-user-273@dev.platform.hmcts.net,
opal-user-274@dev.platform.hmcts.net,
opal-user-275@dev.platform.hmcts.net,
opal-user-276@dev.platform.hmcts.net,
opal-user-277@dev.platform.hmcts.net,
opal-user-278@dev.platform.hmcts.net,
opal-user-279@dev.platform.hmcts.net,
opal-user-280@dev.platform.hmcts.net,
opal-user-281@dev.platform.hmcts.net,
opal-user-282@dev.platform.hmcts.net,
opal-user-283@dev.platform.hmcts.net,
opal-user-284@dev.platform.hmcts.net,
opal-user-285@dev.platform.hmcts.net,
opal-user-286@dev.platform.hmcts.net,
opal-user-287@dev.platform.hmcts.net,
opal-user-288@dev.platform.hmcts.net,
opal-user-289@dev.platform.hmcts.net,
opal-user-290@dev.platform.hmcts.net,
opal-user-291@dev.platform.hmcts.net,
opal-user-292@dev.platform.hmcts.net,
opal-user-293@dev.platform.hmcts.net,
opal-user-294@dev.platform.hmcts.net,
opal-user-295@dev.platform.hmcts.net,
opal-user-296@dev.platform.hmcts.net,
opal-user-297@dev.platform.hmcts.net,
opal-user-298@dev.platform.hmcts.net,
opal-user-299@dev.platform.hmcts.net,
opal-user-300@dev.platform.hmcts.net,
opal-user-301@dev.platform.hmcts.net,
opal-user-302@dev.platform.hmcts.net,
opal-user-303@dev.platform.hmcts.net,
opal-user-304@dev.platform.hmcts.net,
opal-user-305@dev.platform.hmcts.net,
opal-user-306@dev.platform.hmcts.net,
opal-user-307@dev.platform.hmcts.net,
opal-user-308@dev.platform.hmcts.net,
opal-user-309@dev.platform.hmcts.net,
opal-user-310@dev.platform.hmcts.net,
opal-user-311@dev.platform.hmcts.net,
opal-user-312@dev.platform.hmcts.net,
opal-user-313@dev.platform.hmcts.net,
opal-user-314@dev.platform.hmcts.net,
opal-user-315@dev.platform.hmcts.net,
opal-user-316@dev.platform.hmcts.net,
opal-user-317@dev.platform.hmcts.net,
opal-user-318@dev.platform.hmcts.net,
opal-user-319@dev.platform.hmcts.net,
opal-user-320@dev.platform.hmcts.net,
opal-user-321@dev.platform.hmcts.net,
opal-user-322@dev.platform.hmcts.net,
opal-user-323@dev.platform.hmcts.net,
opal-user-324@dev.platform.hmcts.net,
opal-user-325@dev.platform.hmcts.net,
opal-user-326@dev.platform.hmcts.net,
opal-user-327@dev.platform.hmcts.net,
opal-user-328@dev.platform.hmcts.net,
opal-user-329@dev.platform.hmcts.net,
opal-user-330@dev.platform.hmcts.net,
opal-user-331@dev.platform.hmcts.net,
opal-user-332@dev.platform.hmcts.net,
opal-user-333@dev.platform.hmcts.net,
opal-user-334@dev.platform.hmcts.net,
opal-user-335@dev.platform.hmcts.net,
opal-user-336@dev.platform.hmcts.net,
opal-user-337@dev.platform.hmcts.net,
opal-user-338@dev.platform.hmcts.net,
opal-user-339@dev.platform.hmcts.net,
opal-user-340@dev.platform.hmcts.net,
opal-user-341@dev.platform.hmcts.net,
opal-user-342@dev.platform.hmcts.net,
opal-user-343@dev.platform.hmcts.net,
opal-user-344@dev.platform.hmcts.net,
opal-user-345@dev.platform.hmcts.net,
opal-user-346@dev.platform.hmcts.net,
opal-user-347@dev.platform.hmcts.net,
opal-user-348@dev.platform.hmcts.net,
opal-user-349@dev.platform.hmcts.net,
opal-user-350@dev.platform.hmcts.net,
opal-user-351@dev.platform.hmcts.net,
opal-user-352@dev.platform.hmcts.net,
opal-user-353@dev.platform.hmcts.net,
opal-user-354@dev.platform.hmcts.net,
opal-user-355@dev.platform.hmcts.net,
opal-user-356@dev.platform.hmcts.net,
opal-user-357@dev.platform.hmcts.net,
opal-user-358@dev.platform.hmcts.net,
opal-user-359@dev.platform.hmcts.net,
opal-user-360@dev.platform.hmcts.net,
opal-user-361@dev.platform.hmcts.net,
opal-user-362@dev.platform.hmcts.net,
opal-user-363@dev.platform.hmcts.net,
opal-user-364@dev.platform.hmcts.net,
opal-user-365@dev.platform.hmcts.net,
opal-user-366@dev.platform.hmcts.net,
opal-user-367@dev.platform.hmcts.net,
opal-user-368@dev.platform.hmcts.net,
opal-user-369@dev.platform.hmcts.net,
opal-user-370@dev.platform.hmcts.net,
opal-user-371@dev.platform.hmcts.net,
opal-user-372@dev.platform.hmcts.net,
opal-user-373@dev.platform.hmcts.net,
opal-user-374@dev.platform.hmcts.net,
opal-user-375@dev.platform.hmcts.net,
opal-user-376@dev.platform.hmcts.net,
opal-user-377@dev.platform.hmcts.net,
opal-user-378@dev.platform.hmcts.net,
opal-user-379@dev.platform.hmcts.net,
opal-user-380@dev.platform.hmcts.net,
opal-user-381@dev.platform.hmcts.net,
opal-user-382@dev.platform.hmcts.net,
opal-user-383@dev.platform.hmcts.net,
opal-user-384@dev.platform.hmcts.net,
opal-user-385@dev.platform.hmcts.net,
opal-user-386@dev.platform.hmcts.net,
opal-user-387@dev.platform.hmcts.net,
opal-user-388@dev.platform.hmcts.net,
opal-user-389@dev.platform.hmcts.net,
opal-user-390@dev.platform.hmcts.net,
opal-user-391@dev.platform.hmcts.net,
opal-user-392@dev.platform.hmcts.net,
opal-user-393@dev.platform.hmcts.net,
opal-user-394@dev.platform.hmcts.net,
opal-user-395@dev.platform.hmcts.net,
opal-user-396@dev.platform.hmcts.net,
opal-user-397@dev.platform.hmcts.net,
opal-user-398@dev.platform.hmcts.net,
opal-user-399@dev.platform.hmcts.net,
opal-user-400@dev.platform.hmcts.net,
opal-user-401@dev.platform.hmcts.net,
opal-user-402@dev.platform.hmcts.net,
opal-user-403@dev.platform.hmcts.net,
opal-user-404@dev.platform.hmcts.net,
opal-user-405@dev.platform.hmcts.net,
opal-user-406@dev.platform.hmcts.net,
opal-user-407@dev.platform.hmcts.net,
opal-user-408@dev.platform.hmcts.net,
opal-user-409@dev.platform.hmcts.net,
opal-user-410@dev.platform.hmcts.net,
opal-user-411@dev.platform.hmcts.net,
opal-user-412@dev.platform.hmcts.net,
opal-user-413@dev.platform.hmcts.net,
opal-user-414@dev.platform.hmcts.net,
opal-user-415@dev.platform.hmcts.net,
opal-user-416@dev.platform.hmcts.net,
opal-user-417@dev.platform.hmcts.net,
opal-user-418@dev.platform.hmcts.net,
opal-user-419@dev.platform.hmcts.net,
opal-user-420@dev.platform.hmcts.net,
opal-user-421@dev.platform.hmcts.net,
opal-user-422@dev.platform.hmcts.net,
opal-user-423@dev.platform.hmcts.net,
opal-user-424@dev.platform.hmcts.net,
opal-user-425@dev.platform.hmcts.net,
opal-user-426@dev.platform.hmcts.net,
opal-user-427@dev.platform.hmcts.net,
opal-user-428@dev.platform.hmcts.net,
opal-user-429@dev.platform.hmcts.net,
opal-user-430@dev.platform.hmcts.net,
opal-user-431@dev.platform.hmcts.net,
opal-user-432@dev.platform.hmcts.net,
opal-user-433@dev.platform.hmcts.net,
opal-user-434@dev.platform.hmcts.net,
opal-user-435@dev.platform.hmcts.net,
opal-user-436@dev.platform.hmcts.net,
opal-user-437@dev.platform.hmcts.net,
opal-user-438@dev.platform.hmcts.net,
opal-user-439@dev.platform.hmcts.net,
opal-user-440@dev.platform.hmcts.net,
opal-user-441@dev.platform.hmcts.net,
opal-user-442@dev.platform.hmcts.net,
opal-user-443@dev.platform.hmcts.net,
opal-user-444@dev.platform.hmcts.net,
opal-user-445@dev.platform.hmcts.net,
opal-user-446@dev.platform.hmcts.net,
opal-user-447@dev.platform.hmcts.net,
opal-user-448@dev.platform.hmcts.net,
opal-user-449@dev.platform.hmcts.net,
opal-user-450@dev.platform.hmcts.net,
opal-user-451@dev.platform.hmcts.net,
opal-user-452@dev.platform.hmcts.net,
opal-user-453@dev.platform.hmcts.net,
opal-user-454@dev.platform.hmcts.net,
opal-user-455@dev.platform.hmcts.net,
opal-user-456@dev.platform.hmcts.net,
opal-user-457@dev.platform.hmcts.net,
opal-user-458@dev.platform.hmcts.net,
opal-user-459@dev.platform.hmcts.net,
opal-user-460@dev.platform.hmcts.net,
opal-user-461@dev.platform.hmcts.net,
opal-user-462@dev.platform.hmcts.net,
opal-user-463@dev.platform.hmcts.net,
opal-user-464@dev.platform.hmcts.net,
opal-user-465@dev.platform.hmcts.net,
opal-user-466@dev.platform.hmcts.net,
opal-user-467@dev.platform.hmcts.net,
opal-user-468@dev.platform.hmcts.net,
opal-user-469@dev.platform.hmcts.net,
opal-user-470@dev.platform.hmcts.net,
opal-user-471@dev.platform.hmcts.net,
opal-user-472@dev.platform.hmcts.net,
opal-user-473@dev.platform.hmcts.net,
opal-user-474@dev.platform.hmcts.net,
opal-user-475@dev.platform.hmcts.net,
opal-user-476@dev.platform.hmcts.net,
opal-user-477@dev.platform.hmcts.net,
opal-user-478@dev.platform.hmcts.net,
opal-user-479@dev.platform.hmcts.net,
opal-user-480@dev.platform.hmcts.net,
opal-user-481@dev.platform.hmcts.net,
opal-user-482@dev.platform.hmcts.net,
opal-user-483@dev.platform.hmcts.net,
opal-user-484@dev.platform.hmcts.net,
opal-user-485@dev.platform.hmcts.net,
opal-user-486@dev.platform.hmcts.net,
opal-user-487@dev.platform.hmcts.net,
opal-user-488@dev.platform.hmcts.net,
opal-user-489@dev.platform.hmcts.net,
opal-user-490@dev.platform.hmcts.net,
opal-user-491@dev.platform.hmcts.net,
opal-user-492@dev.platform.hmcts.net,
opal-user-493@dev.platform.hmcts.net,
opal-user-494@dev.platform.hmcts.net,
opal-user-495@dev.platform.hmcts.net,
opal-user-496@dev.platform.hmcts.net,
opal-user-497@dev.platform.hmcts.net,
opal-user-498@dev.platform.hmcts.net,
opal-user-499@dev.platform.hmcts.net,
opal-user-500@dev.platform.hmcts.net,
opal-user-501@dev.platform.hmcts.net,
opal-user-502@dev.platform.hmcts.net,
opal-user-503@dev.platform.hmcts.net,
opal-user-504@dev.platform.hmcts.net,
opal-user-505@dev.platform.hmcts.net,
opal-user-506@dev.platform.hmcts.net,
opal-user-507@dev.platform.hmcts.net,
opal-user-508@dev.platform.hmcts.net,
opal-user-509@dev.platform.hmcts.net,
opal-user-510@dev.platform.hmcts.net,
opal-user-511@dev.platform.hmcts.net,
opal-user-512@dev.platform.hmcts.net,
opal-user-513@dev.platform.hmcts.net,
opal-user-514@dev.platform.hmcts.net,
opal-user-515@dev.platform.hmcts.net,
opal-user-516@dev.platform.hmcts.net,
opal-user-517@dev.platform.hmcts.net,
opal-user-518@dev.platform.hmcts.net,
opal-user-519@dev.platform.hmcts.net,
opal-user-520@dev.platform.hmcts.net,
opal-user-521@dev.platform.hmcts.net,
opal-user-522@dev.platform.hmcts.net,
opal-user-523@dev.platform.hmcts.net,
opal-user-524@dev.platform.hmcts.net,
opal-user-525@dev.platform.hmcts.net,
opal-user-526@dev.platform.hmcts.net,
opal-user-527@dev.platform.hmcts.net,
opal-user-528@dev.platform.hmcts.net,
opal-user-529@dev.platform.hmcts.net,
opal-user-530@dev.platform.hmcts.net,
opal-user-531@dev.platform.hmcts.net,
opal-user-532@dev.platform.hmcts.net,
opal-user-533@dev.platform.hmcts.net,
opal-user-534@dev.platform.hmcts.net,
opal-user-535@dev.platform.hmcts.net,
opal-user-536@dev.platform.hmcts.net,
opal-user-537@dev.platform.hmcts.net,
opal-user-538@dev.platform.hmcts.net,
opal-user-539@dev.platform.hmcts.net,
opal-user-540@dev.platform.hmcts.net,
opal-user-541@dev.platform.hmcts.net,
opal-user-542@dev.platform.hmcts.net,
opal-user-543@dev.platform.hmcts.net,
opal-user-544@dev.platform.hmcts.net,
opal-user-545@dev.platform.hmcts.net,
opal-user-546@dev.platform.hmcts.net,
opal-user-547@dev.platform.hmcts.net,
opal-user-548@dev.platform.hmcts.net,
opal-user-549@dev.platform.hmcts.net,
opal-user-550@dev.platform.hmcts.net,
opal-user-551@dev.platform.hmcts.net,
opal-user-552@dev.platform.hmcts.net,
opal-user-553@dev.platform.hmcts.net,
opal-user-554@dev.platform.hmcts.net,
opal-user-555@dev.platform.hmcts.net,
opal-user-556@dev.platform.hmcts.net,
opal-user-557@dev.platform.hmcts.net,
opal-user-558@dev.platform.hmcts.net,
opal-user-559@dev.platform.hmcts.net,
opal-user-560@dev.platform.hmcts.net,
opal-user-561@dev.platform.hmcts.net,
opal-user-562@dev.platform.hmcts.net,
opal-user-563@dev.platform.hmcts.net,
opal-user-564@dev.platform.hmcts.net,
opal-user-565@dev.platform.hmcts.net,
opal-user-566@dev.platform.hmcts.net,
opal-user-567@dev.platform.hmcts.net,
opal-user-568@dev.platform.hmcts.net,
opal-user-569@dev.platform.hmcts.net,
opal-user-570@dev.platform.hmcts.net,
opal-user-571@dev.platform.hmcts.net,
opal-user-572@dev.platform.hmcts.net,
opal-user-573@dev.platform.hmcts.net,
opal-user-574@dev.platform.hmcts.net,
opal-user-575@dev.platform.hmcts.net,
opal-user-576@dev.platform.hmcts.net,
opal-user-577@dev.platform.hmcts.net,
opal-user-578@dev.platform.hmcts.net,
opal-user-579@dev.platform.hmcts.net,
opal-user-580@dev.platform.hmcts.net,
opal-user-581@dev.platform.hmcts.net,
opal-user-582@dev.platform.hmcts.net,
opal-user-583@dev.platform.hmcts.net,
opal-user-584@dev.platform.hmcts.net,
opal-user-585@dev.platform.hmcts.net,
opal-user-586@dev.platform.hmcts.net,
opal-user-587@dev.platform.hmcts.net,
opal-user-588@dev.platform.hmcts.net,
opal-user-589@dev.platform.hmcts.net,
opal-user-590@dev.platform.hmcts.net,
opal-user-591@dev.platform.hmcts.net,
opal-user-592@dev.platform.hmcts.net,
opal-user-593@dev.platform.hmcts.net,
opal-user-594@dev.platform.hmcts.net,
opal-user-595@dev.platform.hmcts.net,
opal-user-596@dev.platform.hmcts.net,
opal-user-597@dev.platform.hmcts.net,
opal-user-598@dev.platform.hmcts.net,
opal-user-599@dev.platform.hmcts.net,
opal-user-600@dev.platform.hmcts.net,
opal-user-601@dev.platform.hmcts.net,
opal-user-602@dev.platform.hmcts.net,
opal-user-603@dev.platform.hmcts.net,
opal-user-604@dev.platform.hmcts.net,
opal-user-605@dev.platform.hmcts.net,
opal-user-606@dev.platform.hmcts.net,
opal-user-607@dev.platform.hmcts.net,
opal-user-608@dev.platform.hmcts.net,
opal-user-609@dev.platform.hmcts.net,
opal-user-610@dev.platform.hmcts.net,
opal-user-611@dev.platform.hmcts.net,
opal-user-612@dev.platform.hmcts.net,
opal-user-613@dev.platform.hmcts.net,
opal-user-614@dev.platform.hmcts.net,
opal-user-615@dev.platform.hmcts.net,
opal-user-616@dev.platform.hmcts.net,
opal-user-617@dev.platform.hmcts.net,
opal-user-618@dev.platform.hmcts.net,
opal-user-619@dev.platform.hmcts.net,
opal-user-620@dev.platform.hmcts.net,
opal-user-621@dev.platform.hmcts.net,
opal-user-622@dev.platform.hmcts.net,
opal-user-623@dev.platform.hmcts.net,
opal-user-624@dev.platform.hmcts.net,
opal-user-625@dev.platform.hmcts.net,
opal-user-626@dev.platform.hmcts.net,
opal-user-627@dev.platform.hmcts.net,
opal-user-628@dev.platform.hmcts.net,
opal-user-629@dev.platform.hmcts.net,
opal-user-630@dev.platform.hmcts.net,
opal-user-631@dev.platform.hmcts.net,
opal-user-632@dev.platform.hmcts.net,
opal-user-633@dev.platform.hmcts.net,
opal-user-634@dev.platform.hmcts.net,
opal-user-635@dev.platform.hmcts.net,
opal-user-636@dev.platform.hmcts.net,
opal-user-637@dev.platform.hmcts.net,
opal-user-638@dev.platform.hmcts.net,
opal-user-639@dev.platform.hmcts.net,
opal-user-640@dev.platform.hmcts.net,
opal-user-641@dev.platform.hmcts.net,
opal-user-642@dev.platform.hmcts.net,
opal-user-643@dev.platform.hmcts.net,
opal-user-644@dev.platform.hmcts.net,
opal-user-645@dev.platform.hmcts.net,
opal-user-646@dev.platform.hmcts.net,
opal-user-647@dev.platform.hmcts.net,
opal-user-648@dev.platform.hmcts.net,
opal-user-649@dev.platform.hmcts.net,
opal-user-650@dev.platform.hmcts.net,
opal-user-651@dev.platform.hmcts.net,
opal-user-652@dev.platform.hmcts.net,
opal-user-653@dev.platform.hmcts.net,
opal-user-654@dev.platform.hmcts.net,
opal-user-655@dev.platform.hmcts.net,
opal-user-656@dev.platform.hmcts.net,
opal-user-657@dev.platform.hmcts.net,
opal-user-658@dev.platform.hmcts.net,
opal-user-659@dev.platform.hmcts.net,
opal-user-660@dev.platform.hmcts.net,
opal-user-661@dev.platform.hmcts.net,
opal-user-662@dev.platform.hmcts.net,
opal-user-663@dev.platform.hmcts.net,
opal-user-664@dev.platform.hmcts.net,
opal-user-665@dev.platform.hmcts.net,
opal-user-666@dev.platform.hmcts.net,
opal-user-667@dev.platform.hmcts.net,
opal-user-668@dev.platform.hmcts.net,
opal-user-669@dev.platform.hmcts.net,
opal-user-670@dev.platform.hmcts.net,
opal-user-671@dev.platform.hmcts.net,
opal-user-672@dev.platform.hmcts.net,
opal-user-673@dev.platform.hmcts.net,
opal-user-674@dev.platform.hmcts.net,
opal-user-675@dev.platform.hmcts.net,
opal-user-676@dev.platform.hmcts.net,
opal-user-677@dev.platform.hmcts.net,
opal-user-678@dev.platform.hmcts.net,
opal-user-679@dev.platform.hmcts.net,
opal-user-680@dev.platform.hmcts.net,
opal-user-681@dev.platform.hmcts.net,
opal-user-682@dev.platform.hmcts.net,
opal-user-683@dev.platform.hmcts.net,
opal-user-684@dev.platform.hmcts.net,
opal-user-685@dev.platform.hmcts.net,
opal-user-686@dev.platform.hmcts.net,
opal-user-687@dev.platform.hmcts.net,
opal-user-688@dev.platform.hmcts.net,
opal-user-689@dev.platform.hmcts.net,
opal-user-690@dev.platform.hmcts.net,
opal-user-691@dev.platform.hmcts.net,
opal-user-692@dev.platform.hmcts.net,
opal-user-693@dev.platform.hmcts.net,
opal-user-694@dev.platform.hmcts.net,
opal-user-695@dev.platform.hmcts.net,
opal-user-696@dev.platform.hmcts.net,
opal-user-697@dev.platform.hmcts.net,
opal-user-698@dev.platform.hmcts.net,
opal-user-699@dev.platform.hmcts.net,
opal-user-700@dev.platform.hmcts.net,
opal-user-701@dev.platform.hmcts.net,
opal-user-702@dev.platform.hmcts.net,
opal-user-703@dev.platform.hmcts.net,
opal-user-704@dev.platform.hmcts.net,
opal-user-705@dev.platform.hmcts.net,
opal-user-706@dev.platform.hmcts.net,
opal-user-707@dev.platform.hmcts.net,
opal-user-708@dev.platform.hmcts.net,
opal-user-709@dev.platform.hmcts.net,
opal-user-710@dev.platform.hmcts.net,
opal-user-711@dev.platform.hmcts.net,
opal-user-712@dev.platform.hmcts.net,
opal-user-713@dev.platform.hmcts.net,
opal-user-714@dev.platform.hmcts.net,
opal-user-715@dev.platform.hmcts.net,
opal-user-716@dev.platform.hmcts.net,
opal-user-717@dev.platform.hmcts.net,
opal-user-718@dev.platform.hmcts.net,
opal-user-719@dev.platform.hmcts.net,
opal-user-720@dev.platform.hmcts.net,
opal-user-721@dev.platform.hmcts.net,
opal-user-722@dev.platform.hmcts.net,
opal-user-723@dev.platform.hmcts.net,
opal-user-724@dev.platform.hmcts.net,
opal-user-725@dev.platform.hmcts.net,
opal-user-726@dev.platform.hmcts.net,
opal-user-727@dev.platform.hmcts.net,
opal-user-728@dev.platform.hmcts.net,
opal-user-729@dev.platform.hmcts.net,
opal-user-730@dev.platform.hmcts.net,
opal-user-731@dev.platform.hmcts.net,
opal-user-732@dev.platform.hmcts.net,
opal-user-733@dev.platform.hmcts.net,
opal-user-734@dev.platform.hmcts.net,
opal-user-735@dev.platform.hmcts.net,
opal-user-736@dev.platform.hmcts.net,
opal-user-737@dev.platform.hmcts.net,
opal-user-738@dev.platform.hmcts.net,
opal-user-739@dev.platform.hmcts.net,
opal-user-740@dev.platform.hmcts.net,
opal-user-741@dev.platform.hmcts.net,
opal-user-742@dev.platform.hmcts.net,
opal-user-743@dev.platform.hmcts.net,
opal-user-744@dev.platform.hmcts.net,
opal-user-745@dev.platform.hmcts.net,
opal-user-746@dev.platform.hmcts.net,
opal-user-747@dev.platform.hmcts.net,
opal-user-748@dev.platform.hmcts.net,
opal-user-749@dev.platform.hmcts.net,
opal-user-750@dev.platform.hmcts.net,
opal-user-751@dev.platform.hmcts.net,
opal-user-752@dev.platform.hmcts.net,
opal-user-753@dev.platform.hmcts.net,
opal-user-754@dev.platform.hmcts.net,
opal-user-755@dev.platform.hmcts.net,
opal-user-756@dev.platform.hmcts.net,
opal-user-757@dev.platform.hmcts.net,
opal-user-758@dev.platform.hmcts.net,
opal-user-759@dev.platform.hmcts.net,
opal-user-760@dev.platform.hmcts.net,
opal-user-761@dev.platform.hmcts.net,
opal-user-762@dev.platform.hmcts.net,
opal-user-763@dev.platform.hmcts.net,
opal-user-764@dev.platform.hmcts.net,
opal-user-765@dev.platform.hmcts.net,
opal-user-766@dev.platform.hmcts.net,
opal-user-767@dev.platform.hmcts.net,
opal-user-768@dev.platform.hmcts.net,
opal-user-769@dev.platform.hmcts.net,
opal-user-770@dev.platform.hmcts.net,
opal-user-771@dev.platform.hmcts.net,
opal-user-772@dev.platform.hmcts.net,
opal-user-773@dev.platform.hmcts.net,
opal-user-774@dev.platform.hmcts.net,
opal-user-775@dev.platform.hmcts.net,
opal-user-776@dev.platform.hmcts.net,
opal-user-777@dev.platform.hmcts.net,
opal-user-778@dev.platform.hmcts.net,
opal-user-779@dev.platform.hmcts.net,
opal-user-780@dev.platform.hmcts.net,
opal-user-781@dev.platform.hmcts.net,
opal-user-782@dev.platform.hmcts.net,
opal-user-783@dev.platform.hmcts.net,
opal-user-784@dev.platform.hmcts.net,
opal-user-785@dev.platform.hmcts.net,
opal-user-786@dev.platform.hmcts.net,
opal-user-787@dev.platform.hmcts.net,
opal-user-788@dev.platform.hmcts.net,
opal-user-789@dev.platform.hmcts.net,
opal-user-790@dev.platform.hmcts.net,
opal-user-791@dev.platform.hmcts.net,
opal-user-792@dev.platform.hmcts.net,
opal-user-793@dev.platform.hmcts.net,
opal-user-794@dev.platform.hmcts.net,
opal-user-795@dev.platform.hmcts.net,
opal-user-796@dev.platform.hmcts.net,
opal-user-797@dev.platform.hmcts.net,
opal-user-798@dev.platform.hmcts.net,
opal-user-799@dev.platform.hmcts.net,
opal-user-800@dev.platform.hmcts.net,
opal-user-801@dev.platform.hmcts.net,
opal-user-802@dev.platform.hmcts.net,
opal-user-803@dev.platform.hmcts.net,
opal-user-804@dev.platform.hmcts.net,
opal-user-805@dev.platform.hmcts.net,
opal-user-806@dev.platform.hmcts.net,
opal-user-807@dev.platform.hmcts.net,
opal-user-808@dev.platform.hmcts.net,
opal-user-809@dev.platform.hmcts.net,
opal-user-810@dev.platform.hmcts.net,
opal-user-811@dev.platform.hmcts.net,
opal-user-812@dev.platform.hmcts.net,
opal-user-813@dev.platform.hmcts.net,
opal-user-814@dev.platform.hmcts.net,
opal-user-815@dev.platform.hmcts.net,
opal-user-816@dev.platform.hmcts.net,
opal-user-817@dev.platform.hmcts.net,
opal-user-818@dev.platform.hmcts.net,
opal-user-819@dev.platform.hmcts.net,
opal-user-820@dev.platform.hmcts.net,
opal-user-821@dev.platform.hmcts.net,
opal-user-822@dev.platform.hmcts.net,
opal-user-823@dev.platform.hmcts.net,
opal-user-824@dev.platform.hmcts.net,
opal-user-825@dev.platform.hmcts.net,
opal-user-826@dev.platform.hmcts.net,
opal-user-827@dev.platform.hmcts.net,
opal-user-828@dev.platform.hmcts.net,
opal-user-829@dev.platform.hmcts.net,
opal-user-830@dev.platform.hmcts.net,
opal-user-831@dev.platform.hmcts.net,
opal-user-832@dev.platform.hmcts.net,
opal-user-833@dev.platform.hmcts.net,
opal-user-834@dev.platform.hmcts.net,
opal-user-835@dev.platform.hmcts.net,
opal-user-836@dev.platform.hmcts.net,
opal-user-837@dev.platform.hmcts.net,
opal-user-838@dev.platform.hmcts.net,
opal-user-839@dev.platform.hmcts.net,
opal-user-840@dev.platform.hmcts.net,
opal-user-841@dev.platform.hmcts.net,
opal-user-842@dev.platform.hmcts.net,
opal-user-843@dev.platform.hmcts.net,
opal-user-844@dev.platform.hmcts.net,
opal-user-845@dev.platform.hmcts.net,
opal-user-846@dev.platform.hmcts.net,
opal-user-847@dev.platform.hmcts.net,
opal-user-848@dev.platform.hmcts.net,
opal-user-849@dev.platform.hmcts.net,
opal-user-850@dev.platform.hmcts.net,
opal-user-851@dev.platform.hmcts.net,
opal-user-852@dev.platform.hmcts.net,
opal-user-853@dev.platform.hmcts.net,
opal-user-854@dev.platform.hmcts.net,
opal-user-855@dev.platform.hmcts.net,
opal-user-856@dev.platform.hmcts.net,
opal-user-857@dev.platform.hmcts.net,
opal-user-858@dev.platform.hmcts.net,
opal-user-859@dev.platform.hmcts.net,
opal-user-860@dev.platform.hmcts.net,
opal-user-861@dev.platform.hmcts.net,
opal-user-862@dev.platform.hmcts.net,
opal-user-863@dev.platform.hmcts.net,
opal-user-864@dev.platform.hmcts.net,
opal-user-865@dev.platform.hmcts.net,
opal-user-866@dev.platform.hmcts.net,
opal-user-867@dev.platform.hmcts.net,
opal-user-868@dev.platform.hmcts.net,
opal-user-869@dev.platform.hmcts.net,
opal-user-870@dev.platform.hmcts.net,
opal-user-871@dev.platform.hmcts.net,
opal-user-872@dev.platform.hmcts.net,
opal-user-873@dev.platform.hmcts.net,
opal-user-874@dev.platform.hmcts.net,
opal-user-875@dev.platform.hmcts.net,
opal-user-876@dev.platform.hmcts.net,
opal-user-877@dev.platform.hmcts.net,
opal-user-878@dev.platform.hmcts.net,
opal-user-879@dev.platform.hmcts.net,
opal-user-880@dev.platform.hmcts.net,
opal-user-881@dev.platform.hmcts.net,
opal-user-882@dev.platform.hmcts.net,
opal-user-883@dev.platform.hmcts.net,
opal-user-884@dev.platform.hmcts.net,
opal-user-885@dev.platform.hmcts.net,
opal-user-886@dev.platform.hmcts.net,
opal-user-887@dev.platform.hmcts.net,
opal-user-888@dev.platform.hmcts.net,
opal-user-889@dev.platform.hmcts.net,
opal-user-890@dev.platform.hmcts.net,
opal-user-891@dev.platform.hmcts.net,
opal-user-892@dev.platform.hmcts.net,
opal-user-893@dev.platform.hmcts.net,
opal-user-894@dev.platform.hmcts.net,
opal-user-895@dev.platform.hmcts.net,
opal-user-896@dev.platform.hmcts.net,
opal-user-897@dev.platform.hmcts.net,
opal-user-898@dev.platform.hmcts.net,
opal-user-899@dev.platform.hmcts.net,
opal-user-900@dev.platform.hmcts.net,
opal-user-901@dev.platform.hmcts.net,
opal-user-902@dev.platform.hmcts.net,
opal-user-903@dev.platform.hmcts.net,
opal-user-904@dev.platform.hmcts.net,
opal-user-905@dev.platform.hmcts.net,
opal-user-906@dev.platform.hmcts.net,
opal-user-907@dev.platform.hmcts.net,
opal-user-908@dev.platform.hmcts.net,
opal-user-909@dev.platform.hmcts.net,
opal-user-910@dev.platform.hmcts.net,
opal-user-911@dev.platform.hmcts.net,
opal-user-912@dev.platform.hmcts.net,
opal-user-913@dev.platform.hmcts.net,
opal-user-914@dev.platform.hmcts.net,
opal-user-915@dev.platform.hmcts.net,
opal-user-916@dev.platform.hmcts.net,
opal-user-917@dev.platform.hmcts.net,
opal-user-918@dev.platform.hmcts.net,
opal-user-919@dev.platform.hmcts.net,
opal-user-920@dev.platform.hmcts.net,
opal-user-921@dev.platform.hmcts.net,
opal-user-922@dev.platform.hmcts.net,
opal-user-923@dev.platform.hmcts.net,
opal-user-924@dev.platform.hmcts.net,
opal-user-925@dev.platform.hmcts.net,
opal-user-926@dev.platform.hmcts.net,
opal-user-927@dev.platform.hmcts.net,
opal-user-928@dev.platform.hmcts.net,
opal-user-929@dev.platform.hmcts.net,
opal-user-930@dev.platform.hmcts.net,
opal-user-931@dev.platform.hmcts.net,
opal-user-932@dev.platform.hmcts.net,
opal-user-933@dev.platform.hmcts.net,
opal-user-934@dev.platform.hmcts.net,
opal-user-935@dev.platform.hmcts.net,
opal-user-936@dev.platform.hmcts.net,
opal-user-937@dev.platform.hmcts.net,
opal-user-938@dev.platform.hmcts.net,
opal-user-939@dev.platform.hmcts.net,
opal-user-940@dev.platform.hmcts.net,
opal-user-941@dev.platform.hmcts.net,
opal-user-942@dev.platform.hmcts.net,
opal-user-943@dev.platform.hmcts.net,
opal-user-944@dev.platform.hmcts.net,
opal-user-945@dev.platform.hmcts.net,
opal-user-946@dev.platform.hmcts.net,
opal-user-947@dev.platform.hmcts.net,
opal-user-948@dev.platform.hmcts.net,
opal-user-949@dev.platform.hmcts.net,
opal-user-950@dev.platform.hmcts.net,
opal-user-951@dev.platform.hmcts.net,
opal-user-952@dev.platform.hmcts.net,
opal-user-953@dev.platform.hmcts.net,
opal-user-954@dev.platform.hmcts.net,
opal-user-955@dev.platform.hmcts.net,
opal-user-956@dev.platform.hmcts.net,
opal-user-957@dev.platform.hmcts.net,
opal-user-958@dev.platform.hmcts.net,
opal-user-959@dev.platform.hmcts.net,
opal-user-960@dev.platform.hmcts.net,
opal-user-961@dev.platform.hmcts.net,
opal-user-962@dev.platform.hmcts.net,
opal-user-963@dev.platform.hmcts.net,
opal-user-964@dev.platform.hmcts.net,
opal-user-965@dev.platform.hmcts.net,
opal-user-966@dev.platform.hmcts.net,
opal-user-967@dev.platform.hmcts.net,
opal-user-968@dev.platform.hmcts.net,
opal-user-969@dev.platform.hmcts.net,
opal-user-970@dev.platform.hmcts.net,
opal-user-971@dev.platform.hmcts.net,
opal-user-972@dev.platform.hmcts.net,
opal-user-973@dev.platform.hmcts.net,
opal-user-974@dev.platform.hmcts.net,
opal-user-975@dev.platform.hmcts.net,
opal-user-976@dev.platform.hmcts.net,
opal-user-977@dev.platform.hmcts.net,
opal-user-978@dev.platform.hmcts.net,
opal-user-979@dev.platform.hmcts.net,
opal-user-980@dev.platform.hmcts.net,
opal-user-981@dev.platform.hmcts.net,
opal-user-982@dev.platform.hmcts.net,
opal-user-983@dev.platform.hmcts.net,
opal-user-984@dev.platform.hmcts.net,
opal-user-985@dev.platform.hmcts.net,
opal-user-986@dev.platform.hmcts.net,
opal-user-987@dev.platform.hmcts.net,
opal-user-988@dev.platform.hmcts.net,
opal-user-989@dev.platform.hmcts.net,
opal-user-990@dev.platform.hmcts.net,
opal-user-991@dev.platform.hmcts.net,
opal-user-992@dev.platform.hmcts.net,
opal-user-993@dev.platform.hmcts.net,
opal-user-994@dev.platform.hmcts.net,
opal-user-995@dev.platform.hmcts.net,
opal-user-996@dev.platform.hmcts.net,
opal-user-997@dev.platform.hmcts.net,
opal-user-998@dev.platform.hmcts.net,
opal-user-999@dev.platform.hmcts.net,
opal-user-1000@dev.platform.hmcts.net,
opal-user-1001@dev.platform.hmcts.net,
opal-user-1002@dev.platform.hmcts.net,
opal-user-1003@dev.platform.hmcts.net,
opal-user-1004@dev.platform.hmcts.net,
opal-user-1005@dev.platform.hmcts.net,
opal-user-1006@dev.platform.hmcts.net,
opal-user-1007@dev.platform.hmcts.net,
opal-user-1008@dev.platform.hmcts.net,
opal-user-1009@dev.platform.hmcts.net,
opal-user-1010@dev.platform.hmcts.net,
opal-user-1011@dev.platform.hmcts.net,
opal-user-1012@dev.platform.hmcts.net,
opal-user-1013@dev.platform.hmcts.net,
opal-user-1014@dev.platform.hmcts.net,
opal-user-1015@dev.platform.hmcts.net,
opal-user-1016@dev.platform.hmcts.net,
opal-user-1017@dev.platform.hmcts.net,
opal-user-1018@dev.platform.hmcts.net,
opal-user-1019@dev.platform.hmcts.net,
opal-user-1020@dev.platform.hmcts.net,
opal-user-1021@dev.platform.hmcts.net,
opal-user-1022@dev.platform.hmcts.net,
opal-user-1023@dev.platform.hmcts.net,
opal-user-1024@dev.platform.hmcts.net,
opal-user-1025@dev.platform.hmcts.net,
opal-user-1026@dev.platform.hmcts.net,
opal-user-1027@dev.platform.hmcts.net,
opal-user-1028@dev.platform.hmcts.net,
opal-user-1029@dev.platform.hmcts.net,
opal-user-1030@dev.platform.hmcts.net,
opal-user-1031@dev.platform.hmcts.net,
opal-user-1032@dev.platform.hmcts.net,
opal-user-1033@dev.platform.hmcts.net,
opal-user-1034@dev.platform.hmcts.net,
opal-user-1035@dev.platform.hmcts.net,
opal-user-1036@dev.platform.hmcts.net,
opal-user-1037@dev.platform.hmcts.net,
opal-user-1038@dev.platform.hmcts.net,
opal-user-1039@dev.platform.hmcts.net,
opal-user-1040@dev.platform.hmcts.net,
opal-user-1041@dev.platform.hmcts.net,
opal-user-1042@dev.platform.hmcts.net,
opal-user-1043@dev.platform.hmcts.net,
opal-user-1044@dev.platform.hmcts.net,
opal-user-1045@dev.platform.hmcts.net,
opal-user-1046@dev.platform.hmcts.net,
opal-user-1047@dev.platform.hmcts.net,
opal-user-1048@dev.platform.hmcts.net,
opal-user-1049@dev.platform.hmcts.net,
opal-user-1050@dev.platform.hmcts.net,
opal-user-1051@dev.platform.hmcts.net,
opal-user-1052@dev.platform.hmcts.net,
opal-user-1053@dev.platform.hmcts.net,
opal-user-1054@dev.platform.hmcts.net,
opal-user-1055@dev.platform.hmcts.net,
opal-user-1056@dev.platform.hmcts.net,
opal-user-1057@dev.platform.hmcts.net,
opal-user-1058@dev.platform.hmcts.net,
opal-user-1059@dev.platform.hmcts.net,
opal-user-1060@dev.platform.hmcts.net,
opal-user-1061@dev.platform.hmcts.net,
opal-user-1062@dev.platform.hmcts.net,
opal-user-1063@dev.platform.hmcts.net,
opal-user-1064@dev.platform.hmcts.net,
opal-user-1065@dev.platform.hmcts.net,
opal-user-1066@dev.platform.hmcts.net,
opal-user-1067@dev.platform.hmcts.net,
opal-user-1068@dev.platform.hmcts.net,
opal-user-1069@dev.platform.hmcts.net,
opal-user-1070@dev.platform.hmcts.net,
opal-user-1071@dev.platform.hmcts.net,
opal-user-1072@dev.platform.hmcts.net,
opal-user-1073@dev.platform.hmcts.net,
opal-user-1074@dev.platform.hmcts.net,
opal-user-1075@dev.platform.hmcts.net,
opal-user-1076@dev.platform.hmcts.net,
opal-user-1077@dev.platform.hmcts.net,
opal-user-1078@dev.platform.hmcts.net,
opal-user-1079@dev.platform.hmcts.net,
opal-user-1080@dev.platform.hmcts.net,
opal-user-1081@dev.platform.hmcts.net,
opal-user-1082@dev.platform.hmcts.net,
opal-user-1083@dev.platform.hmcts.net,
opal-user-1084@dev.platform.hmcts.net,
opal-user-1085@dev.platform.hmcts.net,
opal-user-1086@dev.platform.hmcts.net,
opal-user-1087@dev.platform.hmcts.net,
opal-user-1088@dev.platform.hmcts.net,
opal-user-1089@dev.platform.hmcts.net,
opal-user-1090@dev.platform.hmcts.net,
opal-user-1091@dev.platform.hmcts.net,
opal-user-1092@dev.platform.hmcts.net,
opal-user-1093@dev.platform.hmcts.net,
opal-user-1094@dev.platform.hmcts.net,
opal-user-1095@dev.platform.hmcts.net,
opal-user-1096@dev.platform.hmcts.net,
opal-user-1097@dev.platform.hmcts.net,
opal-user-1098@dev.platform.hmcts.net,
opal-user-1099@dev.platform.hmcts.net,
opal-user-1100@dev.platform.hmcts.net,
opal-user-1101@dev.platform.hmcts.net,
opal-user-1102@dev.platform.hmcts.net,
opal-user-1103@dev.platform.hmcts.net,
opal-user-1104@dev.platform.hmcts.net,
opal-user-1105@dev.platform.hmcts.net,
opal-user-1106@dev.platform.hmcts.net,
opal-user-1107@dev.platform.hmcts.net,
opal-user-1108@dev.platform.hmcts.net,
opal-user-1109@dev.platform.hmcts.net,
opal-user-1110@dev.platform.hmcts.net,
opal-user-1111@dev.platform.hmcts.net,
opal-user-1112@dev.platform.hmcts.net,
opal-user-1113@dev.platform.hmcts.net,
opal-user-1114@dev.platform.hmcts.net,
opal-user-1115@dev.platform.hmcts.net,
opal-user-1116@dev.platform.hmcts.net,
opal-user-1117@dev.platform.hmcts.net,
opal-user-1118@dev.platform.hmcts.net,
opal-user-1119@dev.platform.hmcts.net,
opal-user-1120@dev.platform.hmcts.net,
opal-user-1121@dev.platform.hmcts.net,
opal-user-1122@dev.platform.hmcts.net,
opal-user-1123@dev.platform.hmcts.net,
opal-user-1124@dev.platform.hmcts.net,
opal-user-1125@dev.platform.hmcts.net,
opal-user-1126@dev.platform.hmcts.net,
opal-user-1127@dev.platform.hmcts.net,
opal-user-1128@dev.platform.hmcts.net,
opal-user-1129@dev.platform.hmcts.net,
opal-user-1130@dev.platform.hmcts.net,
opal-user-1131@dev.platform.hmcts.net,
opal-user-1132@dev.platform.hmcts.net,
opal-user-1133@dev.platform.hmcts.net,
opal-user-1134@dev.platform.hmcts.net,
opal-user-1135@dev.platform.hmcts.net,
opal-user-1136@dev.platform.hmcts.net,
opal-user-1137@dev.platform.hmcts.net,
opal-user-1138@dev.platform.hmcts.net,
opal-user-1139@dev.platform.hmcts.net,
opal-user-1140@dev.platform.hmcts.net,
opal-user-1141@dev.platform.hmcts.net,
opal-user-1142@dev.platform.hmcts.net,
opal-user-1143@dev.platform.hmcts.net,
opal-user-1144@dev.platform.hmcts.net,
opal-user-1145@dev.platform.hmcts.net,
opal-user-1146@dev.platform.hmcts.net,
opal-user-1147@dev.platform.hmcts.net,
opal-user-1148@dev.platform.hmcts.net,
opal-user-1149@dev.platform.hmcts.net,
opal-user-1150@dev.platform.hmcts.net,
opal-user-1151@dev.platform.hmcts.net,
opal-user-1152@dev.platform.hmcts.net,
opal-user-1153@dev.platform.hmcts.net,
opal-user-1154@dev.platform.hmcts.net,
opal-user-1155@dev.platform.hmcts.net,
opal-user-1156@dev.platform.hmcts.net,
opal-user-1157@dev.platform.hmcts.net,
opal-user-1158@dev.platform.hmcts.net,
opal-user-1159@dev.platform.hmcts.net,
opal-user-1160@dev.platform.hmcts.net,
opal-user-1161@dev.platform.hmcts.net,
opal-user-1162@dev.platform.hmcts.net,
opal-user-1163@dev.platform.hmcts.net,
opal-user-1164@dev.platform.hmcts.net,
opal-user-1165@dev.platform.hmcts.net,
opal-user-1166@dev.platform.hmcts.net,
opal-user-1167@dev.platform.hmcts.net,
opal-user-1168@dev.platform.hmcts.net,
opal-user-1169@dev.platform.hmcts.net,
opal-user-1170@dev.platform.hmcts.net,
opal-user-1171@dev.platform.hmcts.net,
opal-user-1172@dev.platform.hmcts.net,
opal-user-1173@dev.platform.hmcts.net,
opal-user-1174@dev.platform.hmcts.net,
opal-user-1175@dev.platform.hmcts.net,
opal-user-1176@dev.platform.hmcts.net,
opal-user-1177@dev.platform.hmcts.net,
opal-user-1178@dev.platform.hmcts.net,
opal-user-1179@dev.platform.hmcts.net,
opal-user-1180@dev.platform.hmcts.net,
opal-user-1181@dev.platform.hmcts.net,
opal-user-1182@dev.platform.hmcts.net,
opal-user-1183@dev.platform.hmcts.net,
opal-user-1184@dev.platform.hmcts.net,
opal-user-1185@dev.platform.hmcts.net,
opal-user-1186@dev.platform.hmcts.net,
opal-user-1187@dev.platform.hmcts.net,
opal-user-1188@dev.platform.hmcts.net,
opal-user-1189@dev.platform.hmcts.net,
opal-user-1190@dev.platform.hmcts.net,
opal-user-1191@dev.platform.hmcts.net,
opal-user-1192@dev.platform.hmcts.net,
opal-user-1193@dev.platform.hmcts.net,
opal-user-1194@dev.platform.hmcts.net,
opal-user-1195@dev.platform.hmcts.net,
opal-user-1196@dev.platform.hmcts.net,
opal-user-1197@dev.platform.hmcts.net,
opal-user-1198@dev.platform.hmcts.net,
opal-user-1199@dev.platform.hmcts.net,
opal-user-1200@dev.platform.hmcts.net,
opal-user-1201@dev.platform.hmcts.net,
opal-user-1202@dev.platform.hmcts.net,
opal-user-1203@dev.platform.hmcts.net,
opal-user-1204@dev.platform.hmcts.net,
opal-user-1205@dev.platform.hmcts.net,
opal-user-1206@dev.platform.hmcts.net,
opal-user-1207@dev.platform.hmcts.net,
opal-user-1208@dev.platform.hmcts.net,
opal-user-1209@dev.platform.hmcts.net,
opal-user-1210@dev.platform.hmcts.net,
opal-user-1211@dev.platform.hmcts.net,
opal-user-1212@dev.platform.hmcts.net,
opal-user-1213@dev.platform.hmcts.net,
opal-user-1214@dev.platform.hmcts.net,
opal-user-1215@dev.platform.hmcts.net,
opal-user-1216@dev.platform.hmcts.net,
opal-user-1217@dev.platform.hmcts.net,
opal-user-1218@dev.platform.hmcts.net,
opal-user-1219@dev.platform.hmcts.net,
opal-user-1220@dev.platform.hmcts.net,
opal-user-1221@dev.platform.hmcts.net,
opal-user-1222@dev.platform.hmcts.net,
opal-user-1223@dev.platform.hmcts.net,
opal-user-1224@dev.platform.hmcts.net,
opal-user-1225@dev.platform.hmcts.net,
opal-user-1226@dev.platform.hmcts.net,
opal-user-1227@dev.platform.hmcts.net,
opal-user-1228@dev.platform.hmcts.net,
opal-user-1229@dev.platform.hmcts.net,
opal-user-1230@dev.platform.hmcts.net,
opal-user-1231@dev.platform.hmcts.net,
opal-user-1232@dev.platform.hmcts.net,
opal-user-1233@dev.platform.hmcts.net,
opal-user-1234@dev.platform.hmcts.net,
opal-user-1235@dev.platform.hmcts.net,
opal-user-1236@dev.platform.hmcts.net,
opal-user-1237@dev.platform.hmcts.net,
opal-user-1238@dev.platform.hmcts.net,
opal-user-1239@dev.platform.hmcts.net,
opal-user-1240@dev.platform.hmcts.net,
opal-user-1241@dev.platform.hmcts.net,
opal-user-1242@dev.platform.hmcts.net,
opal-user-1243@dev.platform.hmcts.net,
opal-user-1244@dev.platform.hmcts.net,
opal-user-1245@dev.platform.hmcts.net,
opal-user-1246@dev.platform.hmcts.net,
opal-user-1247@dev.platform.hmcts.net,
opal-user-1248@dev.platform.hmcts.net,
opal-user-1249@dev.platform.hmcts.net,
opal-user-1250@dev.platform.hmcts.net,
opal-user-1251@dev.platform.hmcts.net,
opal-user-1252@dev.platform.hmcts.net,
opal-user-1253@dev.platform.hmcts.net,
opal-user-1254@dev.platform.hmcts.net,
opal-user-1255@dev.platform.hmcts.net,
opal-user-1256@dev.platform.hmcts.net,
opal-user-1257@dev.platform.hmcts.net,
opal-user-1258@dev.platform.hmcts.net,
opal-user-1259@dev.platform.hmcts.net,
opal-user-1260@dev.platform.hmcts.net,
opal-user-1261@dev.platform.hmcts.net,
opal-user-1262@dev.platform.hmcts.net,
opal-user-1263@dev.platform.hmcts.net,
opal-user-1264@dev.platform.hmcts.net,
opal-user-1265@dev.platform.hmcts.net,
opal-user-1266@dev.platform.hmcts.net,
opal-user-1267@dev.platform.hmcts.net,
opal-user-1268@dev.platform.hmcts.net,
opal-user-1269@dev.platform.hmcts.net,
opal-user-1270@dev.platform.hmcts.net,
opal-user-1271@dev.platform.hmcts.net,
opal-user-1272@dev.platform.hmcts.net,
opal-user-1273@dev.platform.hmcts.net,
opal-user-1274@dev.platform.hmcts.net,
opal-user-1275@dev.platform.hmcts.net,
opal-user-1276@dev.platform.hmcts.net,
opal-user-1277@dev.platform.hmcts.net,
opal-user-1278@dev.platform.hmcts.net,
opal-user-1279@dev.platform.hmcts.net,
opal-user-1280@dev.platform.hmcts.net,
opal-user-1281@dev.platform.hmcts.net,
opal-user-1282@dev.platform.hmcts.net,
opal-user-1283@dev.platform.hmcts.net,
opal-user-1284@dev.platform.hmcts.net,
opal-user-1285@dev.platform.hmcts.net,
opal-user-1286@dev.platform.hmcts.net,
opal-user-1287@dev.platform.hmcts.net,
opal-user-1288@dev.platform.hmcts.net,
opal-user-1289@dev.platform.hmcts.net,
opal-user-1290@dev.platform.hmcts.net,
opal-user-1291@dev.platform.hmcts.net,
opal-user-1292@dev.platform.hmcts.net,
opal-user-1293@dev.platform.hmcts.net,
opal-user-1294@dev.platform.hmcts.net,
opal-user-1295@dev.platform.hmcts.net,
opal-user-1296@dev.platform.hmcts.net,
opal-user-1297@dev.platform.hmcts.net,
opal-user-1298@dev.platform.hmcts.net,
opal-user-1299@dev.platform.hmcts.net,
opal-user-1300@dev.platform.hmcts.net,
opal-user-1301@dev.platform.hmcts.net,
opal-user-1302@dev.platform.hmcts.net,
opal-user-1303@dev.platform.hmcts.net,
opal-user-1304@dev.platform.hmcts.net,
opal-user-1305@dev.platform.hmcts.net,
opal-user-1306@dev.platform.hmcts.net,
opal-user-1307@dev.platform.hmcts.net,
opal-user-1308@dev.platform.hmcts.net,
opal-user-1309@dev.platform.hmcts.net,
opal-user-1310@dev.platform.hmcts.net,
opal-user-1311@dev.platform.hmcts.net,
opal-user-1312@dev.platform.hmcts.net,
opal-user-1313@dev.platform.hmcts.net,
opal-user-1314@dev.platform.hmcts.net,
opal-user-1315@dev.platform.hmcts.net,
opal-user-1316@dev.platform.hmcts.net,
opal-user-1317@dev.platform.hmcts.net,
opal-user-1318@dev.platform.hmcts.net,
opal-user-1319@dev.platform.hmcts.net,
opal-user-1320@dev.platform.hmcts.net,
opal-user-1321@dev.platform.hmcts.net,
opal-user-1322@dev.platform.hmcts.net,
opal-user-1323@dev.platform.hmcts.net,
opal-user-1324@dev.platform.hmcts.net,
opal-user-1325@dev.platform.hmcts.net,
opal-user-1326@dev.platform.hmcts.net,
opal-user-1327@dev.platform.hmcts.net,
opal-user-1328@dev.platform.hmcts.net,
opal-user-1329@dev.platform.hmcts.net,
opal-user-1330@dev.platform.hmcts.net,
opal-user-1331@dev.platform.hmcts.net,
opal-user-1332@dev.platform.hmcts.net,
opal-user-1333@dev.platform.hmcts.net,
opal-user-1334@dev.platform.hmcts.net,
opal-user-1335@dev.platform.hmcts.net,
opal-user-1336@dev.platform.hmcts.net,
opal-user-1337@dev.platform.hmcts.net,
opal-user-1338@dev.platform.hmcts.net,
opal-user-1339@dev.platform.hmcts.net,
opal-user-1340@dev.platform.hmcts.net,
opal-user-1341@dev.platform.hmcts.net,
opal-user-1342@dev.platform.hmcts.net,
opal-user-1343@dev.platform.hmcts.net,
opal-user-1344@dev.platform.hmcts.net,
opal-user-1345@dev.platform.hmcts.net,
opal-user-1346@dev.platform.hmcts.net,
opal-user-1347@dev.platform.hmcts.net,
opal-user-1348@dev.platform.hmcts.net,
opal-user-1349@dev.platform.hmcts.net,
opal-user-1350@dev.platform.hmcts.net,
opal-user-1351@dev.platform.hmcts.net,
opal-user-1352@dev.platform.hmcts.net,
opal-user-1353@dev.platform.hmcts.net,
opal-user-1354@dev.platform.hmcts.net,
opal-user-1355@dev.platform.hmcts.net,
opal-user-1356@dev.platform.hmcts.net,
opal-user-1357@dev.platform.hmcts.net,
opal-user-1358@dev.platform.hmcts.net,
opal-user-1359@dev.platform.hmcts.net,
opal-user-1360@dev.platform.hmcts.net,
opal-user-1361@dev.platform.hmcts.net,
opal-user-1362@dev.platform.hmcts.net,
opal-user-1363@dev.platform.hmcts.net,
opal-user-1364@dev.platform.hmcts.net,
opal-user-1365@dev.platform.hmcts.net,
opal-user-1366@dev.platform.hmcts.net,
opal-user-1367@dev.platform.hmcts.net,
opal-user-1368@dev.platform.hmcts.net,
opal-user-1369@dev.platform.hmcts.net,
opal-user-1370@dev.platform.hmcts.net,
opal-user-1371@dev.platform.hmcts.net,
opal-user-1372@dev.platform.hmcts.net,
opal-user-1373@dev.platform.hmcts.net,
opal-user-1374@dev.platform.hmcts.net,
opal-user-1375@dev.platform.hmcts.net,
opal-user-1376@dev.platform.hmcts.net,
opal-user-1377@dev.platform.hmcts.net,
opal-user-1378@dev.platform.hmcts.net,
opal-user-1379@dev.platform.hmcts.net,
opal-user-1380@dev.platform.hmcts.net,
opal-user-1381@dev.platform.hmcts.net,
opal-user-1382@dev.platform.hmcts.net,
opal-user-1383@dev.platform.hmcts.net,
opal-user-1384@dev.platform.hmcts.net,
opal-user-1385@dev.platform.hmcts.net,
opal-user-1386@dev.platform.hmcts.net,
opal-user-1387@dev.platform.hmcts.net,
opal-user-1388@dev.platform.hmcts.net,
opal-user-1389@dev.platform.hmcts.net,
opal-user-1390@dev.platform.hmcts.net,
opal-user-1391@dev.platform.hmcts.net,
opal-user-1392@dev.platform.hmcts.net,
opal-user-1393@dev.platform.hmcts.net,
opal-user-1394@dev.platform.hmcts.net,
opal-user-1395@dev.platform.hmcts.net,
opal-user-1396@dev.platform.hmcts.net,
opal-user-1397@dev.platform.hmcts.net,
opal-user-1398@dev.platform.hmcts.net,
opal-user-1399@dev.platform.hmcts.net,
opal-user-1400@dev.platform.hmcts.net,
opal-user-1401@dev.platform.hmcts.net,
opal-user-1402@dev.platform.hmcts.net,
opal-user-1403@dev.platform.hmcts.net,
opal-user-1404@dev.platform.hmcts.net,
opal-user-1405@dev.platform.hmcts.net,
opal-user-1406@dev.platform.hmcts.net,
opal-user-1407@dev.platform.hmcts.net,
opal-user-1408@dev.platform.hmcts.net,
opal-user-1409@dev.platform.hmcts.net,
opal-user-1410@dev.platform.hmcts.net,
opal-user-1411@dev.platform.hmcts.net,
opal-user-1412@dev.platform.hmcts.net,
opal-user-1413@dev.platform.hmcts.net,
opal-user-1414@dev.platform.hmcts.net,
opal-user-1415@dev.platform.hmcts.net,
opal-user-1416@dev.platform.hmcts.net,
opal-user-1417@dev.platform.hmcts.net,
opal-user-1418@dev.platform.hmcts.net,
opal-user-1419@dev.platform.hmcts.net,
opal-user-1420@dev.platform.hmcts.net,
opal-user-1421@dev.platform.hmcts.net,
opal-user-1422@dev.platform.hmcts.net,
opal-user-1423@dev.platform.hmcts.net,
opal-user-1424@dev.platform.hmcts.net,
opal-user-1425@dev.platform.hmcts.net,
opal-user-1426@dev.platform.hmcts.net,
opal-user-1427@dev.platform.hmcts.net,
opal-user-1428@dev.platform.hmcts.net,
opal-user-1429@dev.platform.hmcts.net,
opal-user-1430@dev.platform.hmcts.net,
opal-user-1431@dev.platform.hmcts.net,
opal-user-1432@dev.platform.hmcts.net,
opal-user-1433@dev.platform.hmcts.net,
opal-user-1434@dev.platform.hmcts.net,
opal-user-1435@dev.platform.hmcts.net,
opal-user-1436@dev.platform.hmcts.net,
opal-user-1437@dev.platform.hmcts.net,
opal-user-1438@dev.platform.hmcts.net,
opal-user-1439@dev.platform.hmcts.net,
opal-user-1440@dev.platform.hmcts.net,
opal-user-1441@dev.platform.hmcts.net,
opal-user-1442@dev.platform.hmcts.net,
opal-user-1443@dev.platform.hmcts.net,
opal-user-1444@dev.platform.hmcts.net,
opal-user-1445@dev.platform.hmcts.net,
opal-user-1446@dev.platform.hmcts.net,
opal-user-1447@dev.platform.hmcts.net,
opal-user-1448@dev.platform.hmcts.net,
opal-user-1449@dev.platform.hmcts.net,
opal-user-1450@dev.platform.hmcts.net,
opal-user-1451@dev.platform.hmcts.net,
opal-user-1452@dev.platform.hmcts.net,
opal-user-1453@dev.platform.hmcts.net,
opal-user-1454@dev.platform.hmcts.net,
opal-user-1455@dev.platform.hmcts.net,
opal-user-1456@dev.platform.hmcts.net,
opal-user-1457@dev.platform.hmcts.net,
opal-user-1458@dev.platform.hmcts.net,
opal-user-1459@dev.platform.hmcts.net,
opal-user-1460@dev.platform.hmcts.net,
opal-user-1461@dev.platform.hmcts.net,
opal-user-1462@dev.platform.hmcts.net,
opal-user-1463@dev.platform.hmcts.net,
opal-user-1464@dev.platform.hmcts.net,
opal-user-1465@dev.platform.hmcts.net,
opal-user-1466@dev.platform.hmcts.net,
opal-user-1467@dev.platform.hmcts.net,
opal-user-1468@dev.platform.hmcts.net,
opal-user-1469@dev.platform.hmcts.net,
opal-user-1470@dev.platform.hmcts.net,
opal-user-1471@dev.platform.hmcts.net,
opal-user-1472@dev.platform.hmcts.net,
opal-user-1473@dev.platform.hmcts.net,
opal-user-1474@dev.platform.hmcts.net,
opal-user-1475@dev.platform.hmcts.net,
opal-user-1476@dev.platform.hmcts.net,
opal-user-1477@dev.platform.hmcts.net,
opal-user-1478@dev.platform.hmcts.net,
opal-user-1479@dev.platform.hmcts.net,
opal-user-1480@dev.platform.hmcts.net,
opal-user-1481@dev.platform.hmcts.net,
opal-user-1482@dev.platform.hmcts.net,
opal-user-1483@dev.platform.hmcts.net,
opal-user-1484@dev.platform.hmcts.net,
opal-user-1485@dev.platform.hmcts.net,
opal-user-1486@dev.platform.hmcts.net,
opal-user-1487@dev.platform.hmcts.net,
opal-user-1488@dev.platform.hmcts.net,
opal-user-1489@dev.platform.hmcts.net,
opal-user-1490@dev.platform.hmcts.net,
opal-user-1491@dev.platform.hmcts.net,
opal-user-1492@dev.platform.hmcts.net,
opal-user-1493@dev.platform.hmcts.net,
opal-user-1494@dev.platform.hmcts.net,
opal-user-1495@dev.platform.hmcts.net,
opal-user-1496@dev.platform.hmcts.net,
opal-user-1497@dev.platform.hmcts.net,
opal-user-1498@dev.platform.hmcts.net,
opal-user-1499@dev.platform.hmcts.net,
opal-user-1500@dev.platform.hmcts.net,
opal-user-1501@dev.platform.hmcts.net,
opal-user-1502@dev.platform.hmcts.net,
opal-user-1503@dev.platform.hmcts.net,
opal-user-1504@dev.platform.hmcts.net,
opal-user-1505@dev.platform.hmcts.net,
opal-user-1506@dev.platform.hmcts.net,
opal-user-1507@dev.platform.hmcts.net,
opal-user-1508@dev.platform.hmcts.net,
opal-user-1509@dev.platform.hmcts.net,
opal-user-1510@dev.platform.hmcts.net,
opal-user-1511@dev.platform.hmcts.net,
opal-user-1512@dev.platform.hmcts.net,
opal-user-1513@dev.platform.hmcts.net,
opal-user-1514@dev.platform.hmcts.net,
opal-user-1515@dev.platform.hmcts.net,
opal-user-1516@dev.platform.hmcts.net,
opal-user-1517@dev.platform.hmcts.net,
opal-user-1518@dev.platform.hmcts.net,
opal-user-1519@dev.platform.hmcts.net,
opal-user-1520@dev.platform.hmcts.net,
opal-user-1521@dev.platform.hmcts.net,
opal-user-1522@dev.platform.hmcts.net,
opal-user-1523@dev.platform.hmcts.net,
opal-user-1524@dev.platform.hmcts.net,
opal-user-1525@dev.platform.hmcts.net,
opal-user-1526@dev.platform.hmcts.net,
opal-user-1527@dev.platform.hmcts.net,
opal-user-1528@dev.platform.hmcts.net,
opal-user-1529@dev.platform.hmcts.net,
opal-user-1530@dev.platform.hmcts.net,
opal-user-1531@dev.platform.hmcts.net,
opal-user-1532@dev.platform.hmcts.net,
opal-user-1533@dev.platform.hmcts.net,
opal-user-1534@dev.platform.hmcts.net,
opal-user-1535@dev.platform.hmcts.net,
opal-user-1536@dev.platform.hmcts.net,
opal-user-1537@dev.platform.hmcts.net,
opal-user-1538@dev.platform.hmcts.net,
opal-user-1539@dev.platform.hmcts.net,
opal-user-1540@dev.platform.hmcts.net,
opal-user-1541@dev.platform.hmcts.net,
opal-user-1542@dev.platform.hmcts.net,
opal-user-1543@dev.platform.hmcts.net,
opal-user-1544@dev.platform.hmcts.net,
opal-user-1545@dev.platform.hmcts.net,
opal-user-1546@dev.platform.hmcts.net,
opal-user-1547@dev.platform.hmcts.net,
opal-user-1548@dev.platform.hmcts.net,
opal-user-1549@dev.platform.hmcts.net,
opal-user-1550@dev.platform.hmcts.net,
opal-user-1551@dev.platform.hmcts.net,
opal-user-1552@dev.platform.hmcts.net,
opal-user-1553@dev.platform.hmcts.net,
opal-user-1554@dev.platform.hmcts.net,
opal-user-1555@dev.platform.hmcts.net,
opal-user-1556@dev.platform.hmcts.net,
opal-user-1557@dev.platform.hmcts.net,
opal-user-1558@dev.platform.hmcts.net,
opal-user-1559@dev.platform.hmcts.net,
opal-user-1560@dev.platform.hmcts.net,
opal-user-1561@dev.platform.hmcts.net,
opal-user-1562@dev.platform.hmcts.net,
opal-user-1563@dev.platform.hmcts.net,
opal-user-1564@dev.platform.hmcts.net,
opal-user-1565@dev.platform.hmcts.net,
opal-user-1566@dev.platform.hmcts.net,
opal-user-1567@dev.platform.hmcts.net,
opal-user-1568@dev.platform.hmcts.net,
opal-user-1569@dev.platform.hmcts.net,
opal-user-1570@dev.platform.hmcts.net,
opal-user-1571@dev.platform.hmcts.net,
opal-user-1572@dev.platform.hmcts.net,
opal-user-1573@dev.platform.hmcts.net,
opal-user-1574@dev.platform.hmcts.net,
opal-user-1575@dev.platform.hmcts.net,
opal-user-1576@dev.platform.hmcts.net,
opal-user-1577@dev.platform.hmcts.net,
opal-user-1578@dev.platform.hmcts.net,
opal-user-1579@dev.platform.hmcts.net,
opal-user-1580@dev.platform.hmcts.net,
opal-user-1581@dev.platform.hmcts.net,
opal-user-1582@dev.platform.hmcts.net,
opal-user-1583@dev.platform.hmcts.net,
opal-user-1584@dev.platform.hmcts.net,
opal-user-1585@dev.platform.hmcts.net,
opal-user-1586@dev.platform.hmcts.net,
opal-user-1587@dev.platform.hmcts.net,
opal-user-1588@dev.platform.hmcts.net,
opal-user-1589@dev.platform.hmcts.net,
opal-user-1590@dev.platform.hmcts.net,
opal-user-1591@dev.platform.hmcts.net,
opal-user-1592@dev.platform.hmcts.net,
opal-user-1593@dev.platform.hmcts.net,
opal-user-1594@dev.platform.hmcts.net,
opal-user-1595@dev.platform.hmcts.net,
opal-user-1596@dev.platform.hmcts.net,
opal-user-1597@dev.platform.hmcts.net,
opal-user-1598@dev.platform.hmcts.net,
opal-user-1599@dev.platform.hmcts.net,
opal-user-1600@dev.platform.hmcts.net,
